mutant,mutated_sequence,DMS_score,DMS_score_bin,fold_random_5,fold_modulo_5,fold_contiguous_5
A25C,PREAYIVTIEKGKPGQTVTWYQLRCDHPKPDSLISEHPTAQEAMDAKKRYED,-0.071576172717366,1,0,4,2
A25D,PREAYIVTIEKGKPGQTVTWYQLRDDHPKPDSLISEHPTAQEAMDAKKRYED,-2.026212482239036,0,0,4,2
A25E,PREAYIVTIEKGKPGQTVTWYQLREDHPKPDSLISEHPTAQEAMDAKKRYED,-2.09878489360418,0,0,4,2
A25F,PREAYIVTIEKGKPGQTVTWYQLRFDHPKPDSLISEHPTAQEAMDAKKRYED,-1.7590146574289411,1,3,4,2
A25G,PREAYIVTIEKGKPGQTVTWYQLRGDHPKPDSLISEHPTAQEAMDAKKRYED,-0.8694250884817691,1,4,4,2
A25H,PREAYIVTIEKGKPGQTVTWYQLRHDHPKPDSLISEHPTAQEAMDAKKRYED,-1.5547620709141778,1,2,4,2
A25I,PREAYIVTIEKGKPGQTVTWYQLRIDHPKPDSLISEHPTAQEAMDAKKRYED,0.0523891819554371,1,0,4,2
A25K,PREAYIVTIEKGKPGQTVTWYQLRKDHPKPDSLISEHPTAQEAMDAKKRYED,-0.8233873040767734,1,4,4,2
A25L,PREAYIVTIEKGKPGQTVTWYQLRLDHPKPDSLISEHPTAQEAMDAKKRYED,-1.289768599276091,1,2,4,2
A25M,PREAYIVTIEKGKPGQTVTWYQLRMDHPKPDSLISEHPTAQEAMDAKKRYED,-1.2095799283444553,1,2,4,2
A25N,PREAYIVTIEKGKPGQTVTWYQLRNDHPKPDSLISEHPTAQEAMDAKKRYED,-1.518614007810311,1,1,4,2
A25Q,PREAYIVTIEKGKPGQTVTWYQLRQDHPKPDSLISEHPTAQEAMDAKKRYED,-1.54352855634606,1,2,4,2
A25R,PREAYIVTIEKGKPGQTVTWYQLRRDHPKPDSLISEHPTAQEAMDAKKRYED,-0.3220270258469284,1,4,4,2
A25S,PREAYIVTIEKGKPGQTVTWYQLRSDHPKPDSLISEHPTAQEAMDAKKRYED,0.2870387355899133,1,2,4,2
A25T,PREAYIVTIEKGKPGQTVTWYQLRTDHPKPDSLISEHPTAQEAMDAKKRYED,0.6209403981339214,1,3,4,2
A25V,PREAYIVTIEKGKPGQTVTWYQLRVDHPKPDSLISEHPTAQEAMDAKKRYED,0.0813827826062851,1,1,4,2
A25W,PREAYIVTIEKGKPGQTVTWYQLRWDHPKPDSLISEHPTAQEAMDAKKRYED,-1.8181961081774929,1,2,4,2
A25Y,PREAYIVTIEKGKPGQTVTWYQLRYDHPKPDSLISEHPTAQEAMDAKKRYED,-1.6371081445144895,1,2,4,2
A40C,PREAYIVTIEKGKPGQTVTWYQLRADHPKPDSLISEHPTCQEAMDAKKRYED,0.7555074286306454,1,0,4,3
A40D,PREAYIVTIEKGKPGQTVTWYQLRADHPKPDSLISEHPTDQEAMDAKKRYED,-1.400392817330229,1,1,4,3
A40E,PREAYIVTIEKGKPGQTVTWYQLRADHPKPDSLISEHPTEQEAMDAKKRYED,0.3103537033494161,1,2,4,3
A40G,PREAYIVTIEKGKPGQTVTWYQLRADHPKPDSLISEHPTGQEAMDAKKRYED,-1.3357619085356798,1,0,4,3
A40H,PREAYIVTIEKGKPGQTVTWYQLRADHPKPDSLISEHPTHQEAMDAKKRYED,0.7484525213292024,1,1,4,3
A40I,PREAYIVTIEKGKPGQTVTWYQLRADHPKPDSLISEHPTIQEAMDAKKRYED,0.7775325826075541,1,3,4,3
A40K,PREAYIVTIEKGKPGQTVTWYQLRADHPKPDSLISEHPTKQEAMDAKKRYED,0.3869870330534137,1,2,4,3
A40N,PREAYIVTIEKGKPGQTVTWYQLRADHPKPDSLISEHPTNQEAMDAKKRYED,-0.5710583970826484,1,0,4,3
A40P,PREAYIVTIEKGKPGQTVTWYQLRADHPKPDSLISEHPTPQEAMDAKKRYED,-0.6181968541895699,1,4,4,3
A40Q,PREAYIVTIEKGKPGQTVTWYQLRADHPKPDSLISEHPTQQEAMDAKKRYED,0.2333852057602747,1,3,4,3
A40R,PREAYIVTIEKGKPGQTVTWYQLRADHPKPDSLISEHPTRQEAMDAKKRYED,0.6739395565984125,1,2,4,3
A40S,PREAYIVTIEKGKPGQTVTWYQLRADHPKPDSLISEHPTSQEAMDAKKRYED,-0.7282307332661673,1,1,4,3
A40T,PREAYIVTIEKGKPGQTVTWYQLRADHPKPDSLISEHPTTQEAMDAKKRYED,-1.2356698660227554,1,1,4,3
A40V,PREAYIVTIEKGKPGQTVTWYQLRADHPKPDSLISEHPTVQEAMDAKKRYED,0.2696561784713953,1,0,4,3
A43C,PREAYIVTIEKGKPGQTVTWYQLRADHPKPDSLISEHPTAQECMDAKKRYED,-1.408553911945317,1,1,2,4
A43G,PREAYIVTIEKGKPGQTVTWYQLRADHPKPDSLISEHPTAQEGMDAKKRYED,-2.825655046573634,0,2,2,4
A43I,PREAYIVTIEKGKPGQTVTWYQLRADHPKPDSLISEHPTAQEIMDAKKRYED,-3.335241421188654,0,0,2,4
A43L,PREAYIVTIEKGKPGQTVTWYQLRADHPKPDSLISEHPTAQELMDAKKRYED,-3.8595075878130936,0,4,2,4
A43M,PREAYIVTIEKGKPGQTVTWYQLRADHPKPDSLISEHPTAQEMMDAKKRYED,-3.860438068180784,0,0,2,4
A43Q,PREAYIVTIEKGKPGQTVTWYQLRADHPKPDSLISEHPTAQEQMDAKKRYED,-4.686685672221849,0,2,2,4
A43S,PREAYIVTIEKGKPGQTVTWYQLRADHPKPDSLISEHPTAQESMDAKKRYED,-2.695261935984647,0,2,2,4
A43T,PREAYIVTIEKGKPGQTVTWYQLRADHPKPDSLISEHPTAQETMDAKKRYED,-3.057552411052612,0,1,2,4
A43V,PREAYIVTIEKGKPGQTVTWYQLRADHPKPDSLISEHPTAQEVMDAKKRYED,-1.389167564065155,1,3,2,4
A43W,PREAYIVTIEKGKPGQTVTWYQLRADHPKPDSLISEHPTAQEWMDAKKRYED,-4.916171658151697,0,0,2,4
A46C,PREAYIVTIEKGKPGQTVTWYQLRADHPKPDSLISEHPTAQEAMDCKKRYED,-1.904601651442193,1,0,0,4
A46D,PREAYIVTIEKGKPGQTVTWYQLRADHPKPDSLISEHPTAQEAMDDKKRYED,-2.9744462545449126,0,3,0,4
A46E,PREAYIVTIEKGKPGQTVTWYQLRADHPKPDSLISEHPTAQEAMDEKKRYED,-1.7784049488112368,1,3,0,4
A46F,PREAYIVTIEKGKPGQTVTWYQLRADHPKPDSLISEHPTAQEAMDFKKRYED,-1.6887680590750938,1,1,0,4
A46G,PREAYIVTIEKGKPGQTVTWYQLRADHPKPDSLISEHPTAQEAMDGKKRYED,-2.3271814841489347,0,2,0,4
A46H,PREAYIVTIEKGKPGQTVTWYQLRADHPKPDSLISEHPTAQEAMDHKKRYED,-1.640865753818875,1,4,0,4
A46I,PREAYIVTIEKGKPGQTVTWYQLRADHPKPDSLISEHPTAQEAMDIKKRYED,-3.539009517661405,0,4,0,4
A46K,PREAYIVTIEKGKPGQTVTWYQLRADHPKPDSLISEHPTAQEAMDKKKRYED,-2.5476809778869427,0,4,0,4
A46L,PREAYIVTIEKGKPGQTVTWYQLRADHPKPDSLISEHPTAQEAMDLKKRYED,-3.1053936199852816,0,2,0,4
A46M,PREAYIVTIEKGKPGQTVTWYQLRADHPKPDSLISEHPTAQEAMDMKKRYED,-1.6557708354563,1,3,0,4
A46N,PREAYIVTIEKGKPGQTVTWYQLRADHPKPDSLISEHPTAQEAMDNKKRYED,-2.280966189558526,0,2,0,4
A46P,PREAYIVTIEKGKPGQTVTWYQLRADHPKPDSLISEHPTAQEAMDPKKRYED,-4.958189305829094,0,3,0,4
A46Q,PREAYIVTIEKGKPGQTVTWYQLRADHPKPDSLISEHPTAQEAMDQKKRYED,-2.1261887237605483,0,4,0,4
A46R,PREAYIVTIEKGKPGQTVTWYQLRADHPKPDSLISEHPTAQEAMDRKKRYED,-2.685426558113571,0,0,0,4
A46S,PREAYIVTIEKGKPGQTVTWYQLRADHPKPDSLISEHPTAQEAMDSKKRYED,-1.7155888819416925,1,0,0,4
A46T,PREAYIVTIEKGKPGQTVTWYQLRADHPKPDSLISEHPTAQEAMDTKKRYED,-2.717452029657581,0,0,0,4
A46V,PREAYIVTIEKGKPGQTVTWYQLRADHPKPDSLISEHPTAQEAMDVKKRYED,-2.809009021732612,0,0,0,4
A46W,PREAYIVTIEKGKPGQTVTWYQLRADHPKPDSLISEHPTAQEAMDWKKRYED,-2.1408630955746624,0,0,0,4
A46Y,PREAYIVTIEKGKPGQTVTWYQLRADHPKPDSLISEHPTAQEAMDYKKRYED,-1.7904838609114029,1,2,0,4
A4C,PRECYIVTIEKGKPGQTVTWYQLRADHPKPDSLISEHPTAQEAMDAKKRYED,0.218385282818998,1,1,3,0
A4E,PREEYIVTIEKGKPGQTVTWYQLRADHPKPDSLISEHPTAQEAMDAKKRYED,-4.107532069296493,0,3,3,0
A4F,PREFYIVTIEKGKPGQTVTWYQLRADHPKPDSLISEHPTAQEAMDAKKRYED,0.0796558806509475,1,4,3,0
A4G,PREGYIVTIEKGKPGQTVTWYQLRADHPKPDSLISEHPTAQEAMDAKKRYED,-0.7972949964874365,1,0,3,0
A4H,PREHYIVTIEKGKPGQTVTWYQLRADHPKPDSLISEHPTAQEAMDAKKRYED,-1.6528408955401224,1,4,3,0
A4I,PREIYIVTIEKGKPGQTVTWYQLRADHPKPDSLISEHPTAQEAMDAKKRYED,-0.4809215584029198,1,0,3,0
A4K,PREKYIVTIEKGKPGQTVTWYQLRADHPKPDSLISEHPTAQEAMDAKKRYED,-3.5840110503316,0,3,3,0
A4L,PRELYIVTIEKGKPGQTVTWYQLRADHPKPDSLISEHPTAQEAMDAKKRYED,0.1178518578631955,1,1,3,0
A4M,PREMYIVTIEKGKPGQTVTWYQLRADHPKPDSLISEHPTAQEAMDAKKRYED,-0.7119889219391049,1,0,3,0
A4N,PRENYIVTIEKGKPGQTVTWYQLRADHPKPDSLISEHPTAQEAMDAKKRYED,-2.7546505930700453,0,3,3,0
A4P,PREPYIVTIEKGKPGQTVTWYQLRADHPKPDSLISEHPTAQEAMDAKKRYED,-0.6716213939514328,1,1,3,0
A4Q,PREQYIVTIEKGKPGQTVTWYQLRADHPKPDSLISEHPTAQEAMDAKKRYED,-2.9462016088386327,0,3,3,0
A4R,PRERYIVTIEKGKPGQTVTWYQLRADHPKPDSLISEHPTAQEAMDAKKRYED,-2.6719708752011115,0,3,3,0
A4S,PRESYIVTIEKGKPGQTVTWYQLRADHPKPDSLISEHPTAQEAMDAKKRYED,-0.6847840633329785,1,4,3,0
A4T,PRETYIVTIEKGKPGQTVTWYQLRADHPKPDSLISEHPTAQEAMDAKKRYED,-0.8022193038849625,1,0,3,0
A4V,PREVYIVTIEKGKPGQTVTWYQLRADHPKPDSLISEHPTAQEAMDAKKRYED,-0.2446900157202147,1,2,3,0
A4W,PREWYIVTIEKGKPGQTVTWYQLRADHPKPDSLISEHPTAQEAMDAKKRYED,-0.541525866982703,1,2,3,0
A4Y,PREYYIVTIEKGKPGQTVTWYQLRADHPKPDSLISEHPTAQEAMDAKKRYED,0.1849756213794711,1,0,3,0
D26A,PREAYIVTIEKGKPGQTVTWYQLRAAHPKPDSLISEHPTAQEAMDAKKRYED,-0.0291179169152329,1,3,0,2
D26C,PREAYIVTIEKGKPGQTVTWYQLRACHPKPDSLISEHPTAQEAMDAKKRYED,0.1250213678317147,1,0,0,2
D26E,PREAYIVTIEKGKPGQTVTWYQLRAEHPKPDSLISEHPTAQEAMDAKKRYED,-1.1626285961713156,1,0,0,2
D26F,PREAYIVTIEKGKPGQTVTWYQLRAFHPKPDSLISEHPTAQEAMDAKKRYED,-0.7571039360630709,1,1,0,2
D26G,PREAYIVTIEKGKPGQTVTWYQLRAGHPKPDSLISEHPTAQEAMDAKKRYED,-0.227354281012829,1,1,0,2
D26H,PREAYIVTIEKGKPGQTVTWYQLRAHHPKPDSLISEHPTAQEAMDAKKRYED,0.036605971238421,1,0,0,2
D26I,PREAYIVTIEKGKPGQTVTWYQLRAIHPKPDSLISEHPTAQEAMDAKKRYED,-0.8640621935937989,1,4,0,2
D26K,PREAYIVTIEKGKPGQTVTWYQLRAKHPKPDSLISEHPTAQEAMDAKKRYED,0.0386783296984765,1,4,0,2
D26L,PREAYIVTIEKGKPGQTVTWYQLRALHPKPDSLISEHPTAQEAMDAKKRYED,-0.2474142555297929,1,1,0,2
D26M,PREAYIVTIEKGKPGQTVTWYQLRAMHPKPDSLISEHPTAQEAMDAKKRYED,-0.1163228466365779,1,3,0,2
D26N,PREAYIVTIEKGKPGQTVTWYQLRANHPKPDSLISEHPTAQEAMDAKKRYED,0.4739836361611775,1,1,0,2
D26P,PREAYIVTIEKGKPGQTVTWYQLRAPHPKPDSLISEHPTAQEAMDAKKRYED,-0.0961431760739301,1,4,0,2
D26Q,PREAYIVTIEKGKPGQTVTWYQLRAQHPKPDSLISEHPTAQEAMDAKKRYED,-0.737459482443795,1,2,0,2
D26R,PREAYIVTIEKGKPGQTVTWYQLRARHPKPDSLISEHPTAQEAMDAKKRYED,0.1628051360393412,1,4,0,2
D26S,PREAYIVTIEKGKPGQTVTWYQLRASHPKPDSLISEHPTAQEAMDAKKRYED,0.0248027094756215,1,0,0,2
D26T,PREAYIVTIEKGKPGQTVTWYQLRATHPKPDSLISEHPTAQEAMDAKKRYED,-0.3315307352492134,1,0,0,2
D26V,PREAYIVTIEKGKPGQTVTWYQLRAVHPKPDSLISEHPTAQEAMDAKKRYED,-0.5864936946677308,1,3,0,2
D26W,PREAYIVTIEKGKPGQTVTWYQLRAWHPKPDSLISEHPTAQEAMDAKKRYED,-0.6033997395142636,1,2,0,2
D26Y,PREAYIVTIEKGKPGQTVTWYQLRAYHPKPDSLISEHPTAQEAMDAKKRYED,-0.6791011291017086,1,0,0,2
D31A,PREAYIVTIEKGKPGQTVTWYQLRADHPKPASLISEHPTAQEAMDAKKRYED,-0.1025106247569915,1,4,0,2
D31C,PREAYIVTIEKGKPGQTVTWYQLRADHPKPCSLISEHPTAQEAMDAKKRYED,0.4700883911802158,1,2,0,2
D31E,PREAYIVTIEKGKPGQTVTWYQLRADHPKPESLISEHPTAQEAMDAKKRYED,-0.5478826285616187,1,0,0,2
D31G,PREAYIVTIEKGKPGQTVTWYQLRADHPKPGSLISEHPTAQEAMDAKKRYED,0.5266580378305576,1,2,0,2
D31H,PREAYIVTIEKGKPGQTVTWYQLRADHPKPHSLISEHPTAQEAMDAKKRYED,-0.0714560970749387,1,1,0,2
D31I,PREAYIVTIEKGKPGQTVTWYQLRADHPKPISLISEHPTAQEAMDAKKRYED,-2.209648559677817,0,2,0,2
D31K,PREAYIVTIEKGKPGQTVTWYQLRADHPKPKSLISEHPTAQEAMDAKKRYED,-0.4511216430038849,1,2,0,2
D31L,PREAYIVTIEKGKPGQTVTWYQLRADHPKPLSLISEHPTAQEAMDAKKRYED,-0.8637291095187529,1,4,0,2
D31M,PREAYIVTIEKGKPGQTVTWYQLRADHPKPMSLISEHPTAQEAMDAKKRYED,-0.2338615582055339,1,4,0,2
D31N,PREAYIVTIEKGKPGQTVTWYQLRADHPKPNSLISEHPTAQEAMDAKKRYED,0.6638693787418415,1,0,0,2
D31P,PREAYIVTIEKGKPGQTVTWYQLRADHPKPPSLISEHPTAQEAMDAKKRYED,-0.7070087779103309,1,1,0,2
D31Q,PREAYIVTIEKGKPGQTVTWYQLRADHPKPQSLISEHPTAQEAMDAKKRYED,-0.3776806837155226,1,1,0,2
D31R,PREAYIVTIEKGKPGQTVTWYQLRADHPKPRSLISEHPTAQEAMDAKKRYED,-0.3454783617805437,1,2,0,2
D31S,PREAYIVTIEKGKPGQTVTWYQLRADHPKPSSLISEHPTAQEAMDAKKRYED,-0.1336386235863731,1,2,0,2
D31T,PREAYIVTIEKGKPGQTVTWYQLRADHPKPTSLISEHPTAQEAMDAKKRYED,-1.5203950107533943,1,1,0,2
D31V,PREAYIVTIEKGKPGQTVTWYQLRADHPKPVSLISEHPTAQEAMDAKKRYED,-1.6375205873892842,1,0,0,2
D31W,PREAYIVTIEKGKPGQTVTWYQLRADHPKPWSLISEHPTAQEAMDAKKRYED,0.1938717535440393,1,2,0,2
D31Y,PREAYIVTIEKGKPGQTVTWYQLRADHPKPYSLISEHPTAQEAMDAKKRYED,0.6404573732507064,1,3,0,2
D45A,PREAYIVTIEKGKPGQTVTWYQLRADHPKPDSLISEHPTAQEAMAAKKRYED,-0.0279951790613894,1,4,4,4
D45C,PREAYIVTIEKGKPGQTVTWYQLRADHPKPDSLISEHPTAQEAMCAKKRYED,-0.3515378008878089,1,4,4,4
D45E,PREAYIVTIEKGKPGQTVTWYQLRADHPKPDSLISEHPTAQEAMEAKKRYED,0.1318211912028291,1,1,4,4
D45F,PREAYIVTIEKGKPGQTVTWYQLRADHPKPDSLISEHPTAQEAMFAKKRYED,-0.5152158510001197,1,4,4,4
D45G,PREAYIVTIEKGKPGQTVTWYQLRADHPKPDSLISEHPTAQEAMGAKKRYED,-1.1426165158120116,1,0,4,4
D45H,PREAYIVTIEKGKPGQTVTWYQLRADHPKPDSLISEHPTAQEAMHAKKRYED,-0.520460241912887,1,4,4,4
D45I,PREAYIVTIEKGKPGQTVTWYQLRADHPKPDSLISEHPTAQEAMIAKKRYED,0.0786027418307098,1,0,4,4
D45K,PREAYIVTIEKGKPGQTVTWYQLRADHPKPDSLISEHPTAQEAMKAKKRYED,-0.3686150035724926,1,1,4,4
D45L,PREAYIVTIEKGKPGQTVTWYQLRADHPKPDSLISEHPTAQEAMLAKKRYED,0.1567064724560438,1,0,4,4
D45M,PREAYIVTIEKGKPGQTVTWYQLRADHPKPDSLISEHPTAQEAMMAKKRYED,-0.221012206998318,1,1,4,4
D45N,PREAYIVTIEKGKPGQTVTWYQLRADHPKPDSLISEHPTAQEAMNAKKRYED,-0.354878378900862,1,0,4,4
D45Q,PREAYIVTIEKGKPGQTVTWYQLRADHPKPDSLISEHPTAQEAMQAKKRYED,-0.1015235739340045,1,3,4,4
D45R,PREAYIVTIEKGKPGQTVTWYQLRADHPKPDSLISEHPTAQEAMRAKKRYED,-0.3494317813487373,1,1,4,4
D45S,PREAYIVTIEKGKPGQTVTWYQLRADHPKPDSLISEHPTAQEAMSAKKRYED,-0.4761503339188762,1,1,4,4
D45T,PREAYIVTIEKGKPGQTVTWYQLRADHPKPDSLISEHPTAQEAMTAKKRYED,-0.6246145858728349,1,2,4,4
D45V,PREAYIVTIEKGKPGQTVTWYQLRADHPKPDSLISEHPTAQEAMVAKKRYED,-0.3665261691815589,1,0,4,4
D45W,PREAYIVTIEKGKPGQTVTWYQLRADHPKPDSLISEHPTAQEAMWAKKRYED,-0.1980814812241829,1,1,4,4
D45Y,PREAYIVTIEKGKPGQTVTWYQLRADHPKPDSLISEHPTAQEAMYAKKRYED,-0.4607701625470315,1,0,4,4
D52A,PREAYIVTIEKGKPGQTVTWYQLRADHPKPDSLISEHPTAQEAMDAKKRYEA,0.3858232236505285,1,1,1,4
D52C,PREAYIVTIEKGKPGQTVTWYQLRADHPKPDSLISEHPTAQEAMDAKKRYEC,-0.2233309061770017,1,0,1,4
D52E,PREAYIVTIEKGKPGQTVTWYQLRADHPKPDSLISEHPTAQEAMDAKKRYEE,0.2317452290261785,1,1,1,4
D52F,PREAYIVTIEKGKPGQTVTWYQLRADHPKPDSLISEHPTAQEAMDAKKRYEF,-0.1104672185561845,1,3,1,4
D52G,PREAYIVTIEKGKPGQTVTWYQLRADHPKPDSLISEHPTAQEAMDAKKRYEG,0.0720858716819652,1,2,1,4
D52H,PREAYIVTIEKGKPGQTVTWYQLRADHPKPDSLISEHPTAQEAMDAKKRYEH,-0.1192047977470158,1,2,1,4
D52I,PREAYIVTIEKGKPGQTVTWYQLRADHPKPDSLISEHPTAQEAMDAKKRYEI,-0.1832011803319373,1,4,1,4
D52K,PREAYIVTIEKGKPGQTVTWYQLRADHPKPDSLISEHPTAQEAMDAKKRYEK,-0.0497873246058819,1,3,1,4
D52L,PREAYIVTIEKGKPGQTVTWYQLRADHPKPDSLISEHPTAQEAMDAKKRYEL,0.1861810735602187,1,0,1,4
D52M,PREAYIVTIEKGKPGQTVTWYQLRADHPKPDSLISEHPTAQEAMDAKKRYEM,0.3321803067393523,1,3,1,4
D52N,PREAYIVTIEKGKPGQTVTWYQLRADHPKPDSLISEHPTAQEAMDAKKRYEN,0.1315990565574099,1,0,1,4
D52P,PREAYIVTIEKGKPGQTVTWYQLRADHPKPDSLISEHPTAQEAMDAKKRYEP,-1.480021179174663,1,1,1,4
D52Q,PREAYIVTIEKGKPGQTVTWYQLRADHPKPDSLISEHPTAQEAMDAKKRYEQ,0.3079235838143379,1,2,1,4
D52R,PREAYIVTIEKGKPGQTVTWYQLRADHPKPDSLISEHPTAQEAMDAKKRYER,-0.0847149771472324,1,4,1,4
D52S,PREAYIVTIEKGKPGQTVTWYQLRADHPKPDSLISEHPTAQEAMDAKKRYES,0.3829434325164271,1,3,1,4
D52T,PREAYIVTIEKGKPGQTVTWYQLRADHPKPDSLISEHPTAQEAMDAKKRYET,0.2687292681702091,1,2,1,4
D52V,PREAYIVTIEKGKPGQTVTWYQLRADHPKPDSLISEHPTAQEAMDAKKRYEV,-0.2690474270835667,1,3,1,4
D52W,PREAYIVTIEKGKPGQTVTWYQLRADHPKPDSLISEHPTAQEAMDAKKRYEW,-0.161926403606353,1,2,1,4
D52Y,PREAYIVTIEKGKPGQTVTWYQLRADHPKPDSLISEHPTAQEAMDAKKRYEY,-0.0314506705952997,1,2,1,4
E10A,PREAYIVTIAKGKPGQTVTWYQLRADHPKPDSLISEHPTAQEAMDAKKRYED,-0.7192885557548698,1,2,4,0
E10C,PREAYIVTICKGKPGQTVTWYQLRADHPKPDSLISEHPTAQEAMDAKKRYED,-0.0307413442700115,1,3,4,0
E10D,PREAYIVTIDKGKPGQTVTWYQLRADHPKPDSLISEHPTAQEAMDAKKRYED,-0.5584650933020532,1,0,4,0
E10F,PREAYIVTIFKGKPGQTVTWYQLRADHPKPDSLISEHPTAQEAMDAKKRYED,-0.4520191306246577,1,4,4,0
E10G,PREAYIVTIGKGKPGQTVTWYQLRADHPKPDSLISEHPTAQEAMDAKKRYED,-1.4340110987408663,1,2,4,0
E10H,PREAYIVTIHKGKPGQTVTWYQLRADHPKPDSLISEHPTAQEAMDAKKRYED,-0.3233323004936341,1,3,4,0
E10I,PREAYIVTIIKGKPGQTVTWYQLRADHPKPDSLISEHPTAQEAMDAKKRYED,-0.0798853486214419,1,0,4,0
E10K,PREAYIVTIKKGKPGQTVTWYQLRADHPKPDSLISEHPTAQEAMDAKKRYED,-0.3448180137610288,1,2,4,0
E10L,PREAYIVTILKGKPGQTVTWYQLRADHPKPDSLISEHPTAQEAMDAKKRYED,0.1645296163892178,1,0,4,0
E10M,PREAYIVTIMKGKPGQTVTWYQLRADHPKPDSLISEHPTAQEAMDAKKRYED,-0.3368926418938618,1,0,4,0
E10N,PREAYIVTINKGKPGQTVTWYQLRADHPKPDSLISEHPTAQEAMDAKKRYED,-0.5060196917324005,1,1,4,0
E10P,PREAYIVTIPKGKPGQTVTWYQLRADHPKPDSLISEHPTAQEAMDAKKRYED,-1.538358622849234,1,1,4,0
E10Q,PREAYIVTIQKGKPGQTVTWYQLRADHPKPDSLISEHPTAQEAMDAKKRYED,0.0658633901284426,1,4,4,0
E10R,PREAYIVTIRKGKPGQTVTWYQLRADHPKPDSLISEHPTAQEAMDAKKRYED,-0.652795528645286,1,3,4,0
E10S,PREAYIVTISKGKPGQTVTWYQLRADHPKPDSLISEHPTAQEAMDAKKRYED,-0.5167740920546868,1,0,4,0
E10T,PREAYIVTITKGKPGQTVTWYQLRADHPKPDSLISEHPTAQEAMDAKKRYED,-0.0878848378754852,1,0,4,0
E10V,PREAYIVTIVKGKPGQTVTWYQLRADHPKPDSLISEHPTAQEAMDAKKRYED,-0.1157626127554998,1,3,4,0
E10W,PREAYIVTIWKGKPGQTVTWYQLRADHPKPDSLISEHPTAQEAMDAKKRYED,-0.8480926144236056,1,2,4,0
E10Y,PREAYIVTIYKGKPGQTVTWYQLRADHPKPDSLISEHPTAQEAMDAKKRYED,-0.5079266068459649,1,3,4,0
E36A,PREAYIVTIEKGKPGQTVTWYQLRADHPKPDSLISAHPTAQEAMDAKKRYED,-2.240651743007542,0,4,0,3
E36C,PREAYIVTIEKGKPGQTVTWYQLRADHPKPDSLISCHPTAQEAMDAKKRYED,-0.6472797015242655,1,4,0,3
E36D,PREAYIVTIEKGKPGQTVTWYQLRADHPKPDSLISDHPTAQEAMDAKKRYED,-1.92885498638116,1,4,0,3
E36F,PREAYIVTIEKGKPGQTVTWYQLRADHPKPDSLISFHPTAQEAMDAKKRYED,-2.32336568339455,0,3,0,3
E36G,PREAYIVTIEKGKPGQTVTWYQLRADHPKPDSLISGHPTAQEAMDAKKRYED,-3.041720422673735,0,3,0,3
E36H,PREAYIVTIEKGKPGQTVTWYQLRADHPKPDSLISHHPTAQEAMDAKKRYED,-2.657457713614468,0,1,0,3
E36I,PREAYIVTIEKGKPGQTVTWYQLRADHPKPDSLISIHPTAQEAMDAKKRYED,-1.1605435919418594,1,2,0,3
E36K,PREAYIVTIEKGKPGQTVTWYQLRADHPKPDSLISKHPTAQEAMDAKKRYED,-3.09975570266183,0,1,0,3
E36L,PREAYIVTIEKGKPGQTVTWYQLRADHPKPDSLISLHPTAQEAMDAKKRYED,-1.8251749044672885,1,4,0,3
E36M,PREAYIVTIEKGKPGQTVTWYQLRADHPKPDSLISMHPTAQEAMDAKKRYED,-1.502976045289587,1,3,0,3
E36N,PREAYIVTIEKGKPGQTVTWYQLRADHPKPDSLISNHPTAQEAMDAKKRYED,-1.9774770101601007,0,4,0,3
E36Q,PREAYIVTIEKGKPGQTVTWYQLRADHPKPDSLISQHPTAQEAMDAKKRYED,-1.493372265115522,1,3,0,3
E36R,PREAYIVTIEKGKPGQTVTWYQLRADHPKPDSLISRHPTAQEAMDAKKRYED,-3.153455082083941,0,1,0,3
E36S,PREAYIVTIEKGKPGQTVTWYQLRADHPKPDSLISSHPTAQEAMDAKKRYED,-1.5101615779726516,1,2,0,3
E36T,PREAYIVTIEKGKPGQTVTWYQLRADHPKPDSLISTHPTAQEAMDAKKRYED,-1.065135984678001,1,2,0,3
E36V,PREAYIVTIEKGKPGQTVTWYQLRADHPKPDSLISVHPTAQEAMDAKKRYED,-1.074141125445967,1,2,0,3
E36W,PREAYIVTIEKGKPGQTVTWYQLRADHPKPDSLISWHPTAQEAMDAKKRYED,-1.2658539726760425,1,1,0,3
E36Y,PREAYIVTIEKGKPGQTVTWYQLRADHPKPDSLISYHPTAQEAMDAKKRYED,-2.31553727065561,0,1,0,3
E3A,PRAAYIVTIEKGKPGQTVTWYQLRADHPKPDSLISEHPTAQEAMDAKKRYED,0.3227895251519417,1,3,2,0
E3C,PRCAYIVTIEKGKPGQTVTWYQLRADHPKPDSLISEHPTAQEAMDAKKRYED,0.040066330720597,1,4,2,0
E3D,PRDAYIVTIEKGKPGQTVTWYQLRADHPKPDSLISEHPTAQEAMDAKKRYED,-0.5009738984497814,1,1,2,0
E3F,PRFAYIVTIEKGKPGQTVTWYQLRADHPKPDSLISEHPTAQEAMDAKKRYED,0.6229767871622496,1,4,2,0
E3G,PRGAYIVTIEKGKPGQTVTWYQLRADHPKPDSLISEHPTAQEAMDAKKRYED,0.2688449634147618,1,4,2,0
E3H,PRHAYIVTIEKGKPGQTVTWYQLRADHPKPDSLISEHPTAQEAMDAKKRYED,0.60223903664932,1,4,2,0
E3I,PRIAYIVTIEKGKPGQTVTWYQLRADHPKPDSLISEHPTAQEAMDAKKRYED,0.6318587489541301,1,4,2,0
E3K,PRKAYIVTIEKGKPGQTVTWYQLRADHPKPDSLISEHPTAQEAMDAKKRYED,0.7479515347313761,1,0,2,0
E3L,PRLAYIVTIEKGKPGQTVTWYQLRADHPKPDSLISEHPTAQEAMDAKKRYED,0.6433624116381598,1,0,2,0
E3M,PRMAYIVTIEKGKPGQTVTWYQLRADHPKPDSLISEHPTAQEAMDAKKRYED,0.5882638602043366,1,0,2,0
E3N,PRNAYIVTIEKGKPGQTVTWYQLRADHPKPDSLISEHPTAQEAMDAKKRYED,0.2938588558708286,1,4,2,0
E3P,PRPAYIVTIEKGKPGQTVTWYQLRADHPKPDSLISEHPTAQEAMDAKKRYED,-0.7373710835448604,1,2,2,0
E3Q,PRQAYIVTIEKGKPGQTVTWYQLRADHPKPDSLISEHPTAQEAMDAKKRYED,0.4229992635639306,1,0,2,0
E3R,PRRAYIVTIEKGKPGQTVTWYQLRADHPKPDSLISEHPTAQEAMDAKKRYED,0.6321571698087531,1,2,2,0
E3S,PRSAYIVTIEKGKPGQTVTWYQLRADHPKPDSLISEHPTAQEAMDAKKRYED,0.3865269711649919,1,0,2,0
E3T,PRTAYIVTIEKGKPGQTVTWYQLRADHPKPDSLISEHPTAQEAMDAKKRYED,0.5779904968952865,1,0,2,0
E3V,PRVAYIVTIEKGKPGQTVTWYQLRADHPKPDSLISEHPTAQEAMDAKKRYED,0.6802013886573697,1,4,2,0
E3W,PRWAYIVTIEKGKPGQTVTWYQLRADHPKPDSLISEHPTAQEAMDAKKRYED,0.4839971578670745,1,0,2,0
E3Y,PRYAYIVTIEKGKPGQTVTWYQLRADHPKPDSLISEHPTAQEAMDAKKRYED,0.7361177165911981,1,3,2,0
E42A,PREAYIVTIEKGKPGQTVTWYQLRADHPKPDSLISEHPTAQAAMDAKKRYED,-0.463047198650814,1,2,1,3
E42C,PREAYIVTIEKGKPGQTVTWYQLRADHPKPDSLISEHPTAQCAMDAKKRYED,-1.2087747253685697,1,2,1,3
E42D,PREAYIVTIEKGKPGQTVTWYQLRADHPKPDSLISEHPTAQDAMDAKKRYED,-0.416449841134562,1,3,1,3
E42F,PREAYIVTIEKGKPGQTVTWYQLRADHPKPDSLISEHPTAQFAMDAKKRYED,-1.9898201814674064,0,4,1,3
E42G,PREAYIVTIEKGKPGQTVTWYQLRADHPKPDSLISEHPTAQGAMDAKKRYED,-0.7633846149059664,1,3,1,3
E42H,PREAYIVTIEKGKPGQTVTWYQLRADHPKPDSLISEHPTAQHAMDAKKRYED,-1.440043100152415,1,2,1,3
E42I,PREAYIVTIEKGKPGQTVTWYQLRADHPKPDSLISEHPTAQIAMDAKKRYED,-1.6743794967458063,1,3,1,3
E42K,PREAYIVTIEKGKPGQTVTWYQLRADHPKPDSLISEHPTAQKAMDAKKRYED,-1.3039905326655616,1,0,1,3
E42L,PREAYIVTIEKGKPGQTVTWYQLRADHPKPDSLISEHPTAQLAMDAKKRYED,-0.5815943922109286,1,1,1,3
E42M,PREAYIVTIEKGKPGQTVTWYQLRADHPKPDSLISEHPTAQMAMDAKKRYED,-1.01016604782086,1,0,1,3
E42N,PREAYIVTIEKGKPGQTVTWYQLRADHPKPDSLISEHPTAQNAMDAKKRYED,-1.7370652527435495,1,4,1,3
E42Q,PREAYIVTIEKGKPGQTVTWYQLRADHPKPDSLISEHPTAQQAMDAKKRYED,-0.6378326580147267,1,4,1,3
E42R,PREAYIVTIEKGKPGQTVTWYQLRADHPKPDSLISEHPTAQRAMDAKKRYED,-1.49968510863647,1,3,1,3
E42S,PREAYIVTIEKGKPGQTVTWYQLRADHPKPDSLISEHPTAQSAMDAKKRYED,-0.7473465070805148,1,0,1,3
E42T,PREAYIVTIEKGKPGQTVTWYQLRADHPKPDSLISEHPTAQTAMDAKKRYED,-1.5703994281427027,1,3,1,3
E42V,PREAYIVTIEKGKPGQTVTWYQLRADHPKPDSLISEHPTAQVAMDAKKRYED,-2.154425884226524,0,1,1,3
E42W,PREAYIVTIEKGKPGQTVTWYQLRADHPKPDSLISEHPTAQWAMDAKKRYED,-2.58746041329531,0,0,1,3
E42Y,PREAYIVTIEKGKPGQTVTWYQLRADHPKPDSLISEHPTAQYAMDAKKRYED,-2.2155932894563906,0,0,1,3
E51A,PREAYIVTIEKGKPGQTVTWYQLRADHPKPDSLISEHPTAQEAMDAKKRYAD,-0.9282679464217374,1,4,0,4
E51C,PREAYIVTIEKGKPGQTVTWYQLRADHPKPDSLISEHPTAQEAMDAKKRYCD,-1.205255303450698,1,1,0,4
E51D,PREAYIVTIEKGKPGQTVTWYQLRADHPKPDSLISEHPTAQEAMDAKKRYDD,-0.113093858969691,1,1,0,4
E51F,PREAYIVTIEKGKPGQTVTWYQLRADHPKPDSLISEHPTAQEAMDAKKRYFD,-1.164182814642274,1,4,0,4
E51G,PREAYIVTIEKGKPGQTVTWYQLRADHPKPDSLISEHPTAQEAMDAKKRYGD,-1.2856104267474926,1,0,0,4
E51H,PREAYIVTIEKGKPGQTVTWYQLRADHPKPDSLISEHPTAQEAMDAKKRYHD,-0.9819988298146538,1,1,0,4
E51I,PREAYIVTIEKGKPGQTVTWYQLRADHPKPDSLISEHPTAQEAMDAKKRYID,-0.5282625002737569,1,2,0,4
E51K,PREAYIVTIEKGKPGQTVTWYQLRADHPKPDSLISEHPTAQEAMDAKKRYKD,-1.0866334085699938,1,1,0,4
E51L,PREAYIVTIEKGKPGQTVTWYQLRADHPKPDSLISEHPTAQEAMDAKKRYLD,-0.4269729004695333,1,4,0,4
E51M,PREAYIVTIEKGKPGQTVTWYQLRADHPKPDSLISEHPTAQEAMDAKKRYMD,-0.0826013795432203,1,1,0,4
E51N,PREAYIVTIEKGKPGQTVTWYQLRADHPKPDSLISEHPTAQEAMDAKKRYND,-0.438804226918517,1,1,0,4
E51P,PREAYIVTIEKGKPGQTVTWYQLRADHPKPDSLISEHPTAQEAMDAKKRYPD,-2.0434135741322423,0,4,0,4
E51Q,PREAYIVTIEKGKPGQTVTWYQLRADHPKPDSLISEHPTAQEAMDAKKRYQD,-0.4300151000721497,1,4,0,4
E51R,PREAYIVTIEKGKPGQTVTWYQLRADHPKPDSLISEHPTAQEAMDAKKRYRD,-1.118144228420288,1,2,0,4
E51S,PREAYIVTIEKGKPGQTVTWYQLRADHPKPDSLISEHPTAQEAMDAKKRYSD,-0.9809719690982576,1,0,0,4
E51T,PREAYIVTIEKGKPGQTVTWYQLRADHPKPDSLISEHPTAQEAMDAKKRYTD,-0.7711607390637907,1,2,0,4
E51V,PREAYIVTIEKGKPGQTVTWYQLRADHPKPDSLISEHPTAQEAMDAKKRYVD,-0.6931207551268783,1,2,0,4
E51W,PREAYIVTIEKGKPGQTVTWYQLRADHPKPDSLISEHPTAQEAMDAKKRYWD,-1.2712046504595018,1,0,0,4
E51Y,PREAYIVTIEKGKPGQTVTWYQLRADHPKPDSLISEHPTAQEAMDAKKRYYD,-0.7725461670074738,1,0,0,4
G12A,PREAYIVTIEKAKPGQTVTWYQLRADHPKPDSLISEHPTAQEAMDAKKRYED,-1.6184839780772502,1,4,1,1
G12C,PREAYIVTIEKCKPGQTVTWYQLRADHPKPDSLISEHPTAQEAMDAKKRYED,-1.622285690907562,1,3,1,1
G12D,PREAYIVTIEKDKPGQTVTWYQLRADHPKPDSLISEHPTAQEAMDAKKRYED,-1.7918377238552052,1,1,1,1
G12E,PREAYIVTIEKEKPGQTVTWYQLRADHPKPDSLISEHPTAQEAMDAKKRYED,-1.75369843473315,1,2,1,1
G12F,PREAYIVTIEKFKPGQTVTWYQLRADHPKPDSLISEHPTAQEAMDAKKRYED,-1.5932786548494349,1,4,1,1
G12H,PREAYIVTIEKHKPGQTVTWYQLRADHPKPDSLISEHPTAQEAMDAKKRYED,-1.3428520333167029,1,1,1,1
G12I,PREAYIVTIEKIKPGQTVTWYQLRADHPKPDSLISEHPTAQEAMDAKKRYED,-1.4757476567467434,1,3,1,1
G12K,PREAYIVTIEKKKPGQTVTWYQLRADHPKPDSLISEHPTAQEAMDAKKRYED,-1.3582251542563055,1,3,1,1
G12L,PREAYIVTIEKLKPGQTVTWYQLRADHPKPDSLISEHPTAQEAMDAKKRYED,-1.7830817055339985,1,3,1,1
G12M,PREAYIVTIEKMKPGQTVTWYQLRADHPKPDSLISEHPTAQEAMDAKKRYED,-1.6086156528418003,1,0,1,1
G12N,PREAYIVTIEKNKPGQTVTWYQLRADHPKPDSLISEHPTAQEAMDAKKRYED,-1.6312338676708542,1,4,1,1
G12P,PREAYIVTIEKPKPGQTVTWYQLRADHPKPDSLISEHPTAQEAMDAKKRYED,-2.0946735202570697,0,1,1,1
G12Q,PREAYIVTIEKQKPGQTVTWYQLRADHPKPDSLISEHPTAQEAMDAKKRYED,-1.4064712340050465,1,0,1,1
G12R,PREAYIVTIEKRKPGQTVTWYQLRADHPKPDSLISEHPTAQEAMDAKKRYED,-1.4946959379878026,1,2,1,1
G12S,PREAYIVTIEKSKPGQTVTWYQLRADHPKPDSLISEHPTAQEAMDAKKRYED,-1.3920165995866416,1,2,1,1
G12T,PREAYIVTIEKTKPGQTVTWYQLRADHPKPDSLISEHPTAQEAMDAKKRYED,-1.3486702233819088,1,3,1,1
G12V,PREAYIVTIEKVKPGQTVTWYQLRADHPKPDSLISEHPTAQEAMDAKKRYED,-1.342936064811787,1,0,1,1
G12W,PREAYIVTIEKWKPGQTVTWYQLRADHPKPDSLISEHPTAQEAMDAKKRYED,-1.6363058310797367,1,0,1,1
G12Y,PREAYIVTIEKYKPGQTVTWYQLRADHPKPDSLISEHPTAQEAMDAKKRYED,-1.4867908769037808,1,2,1,1
G15A,PREAYIVTIEKGKPAQTVTWYQLRADHPKPDSLISEHPTAQEAMDAKKRYED,-1.566889125516762,1,3,4,1
G15C,PREAYIVTIEKGKPCQTVTWYQLRADHPKPDSLISEHPTAQEAMDAKKRYED,-1.3332664121303948,1,3,4,1
G15D,PREAYIVTIEKGKPDQTVTWYQLRADHPKPDSLISEHPTAQEAMDAKKRYED,-1.0526396291266722,1,1,4,1
G15E,PREAYIVTIEKGKPEQTVTWYQLRADHPKPDSLISEHPTAQEAMDAKKRYED,-1.366961461423807,1,4,4,1
G15F,PREAYIVTIEKGKPFQTVTWYQLRADHPKPDSLISEHPTAQEAMDAKKRYED,-1.0733918218123586,1,4,4,1
G15H,PREAYIVTIEKGKPHQTVTWYQLRADHPKPDSLISEHPTAQEAMDAKKRYED,-1.1393204271853037,1,1,4,1
G15I,PREAYIVTIEKGKPIQTVTWYQLRADHPKPDSLISEHPTAQEAMDAKKRYED,-2.2734601554444627,0,2,4,1
G15K,PREAYIVTIEKGKPKQTVTWYQLRADHPKPDSLISEHPTAQEAMDAKKRYED,-1.4690615879982616,1,3,4,1
G15L,PREAYIVTIEKGKPLQTVTWYQLRADHPKPDSLISEHPTAQEAMDAKKRYED,-1.342369544488642,1,2,4,1
G15M,PREAYIVTIEKGKPMQTVTWYQLRADHPKPDSLISEHPTAQEAMDAKKRYED,-1.4953906021608532,1,2,4,1
G15N,PREAYIVTIEKGKPNQTVTWYQLRADHPKPDSLISEHPTAQEAMDAKKRYED,-0.9352801129525674,1,0,4,1
G15P,PREAYIVTIEKGKPPQTVTWYQLRADHPKPDSLISEHPTAQEAMDAKKRYED,0.7785211739170093,1,3,4,1
G15Q,PREAYIVTIEKGKPQQTVTWYQLRADHPKPDSLISEHPTAQEAMDAKKRYED,-1.4226933787180052,1,3,4,1
G15R,PREAYIVTIEKGKPRQTVTWYQLRADHPKPDSLISEHPTAQEAMDAKKRYED,-1.980469955838448,0,3,4,1
G15S,PREAYIVTIEKGKPSQTVTWYQLRADHPKPDSLISEHPTAQEAMDAKKRYED,-1.2902498360285346,1,0,4,1
G15T,PREAYIVTIEKGKPTQTVTWYQLRADHPKPDSLISEHPTAQEAMDAKKRYED,-1.4434382255445408,1,2,4,1
G15V,PREAYIVTIEKGKPVQTVTWYQLRADHPKPDSLISEHPTAQEAMDAKKRYED,-2.33415423787895,0,1,4,1
G15W,PREAYIVTIEKGKPWQTVTWYQLRADHPKPDSLISEHPTAQEAMDAKKRYED,-1.2897665149945574,1,0,4,1
G15Y,PREAYIVTIEKGKPYQTVTWYQLRADHPKPDSLISEHPTAQEAMDAKKRYED,-1.1519775410677378,1,2,4,1
H27A,PREAYIVTIEKGKPGQTVTWYQLRADAPKPDSLISEHPTAQEAMDAKKRYED,-0.990220248737351,1,4,1,2
H27C,PREAYIVTIEKGKPGQTVTWYQLRADCPKPDSLISEHPTAQEAMDAKKRYED,-0.2433835574682845,1,0,1,2
H27D,PREAYIVTIEKGKPGQTVTWYQLRADDPKPDSLISEHPTAQEAMDAKKRYED,-0.5879536449365332,1,1,1,2
H27E,PREAYIVTIEKGKPGQTVTWYQLRADEPKPDSLISEHPTAQEAMDAKKRYED,-0.2594339009228106,1,4,1,2
H27F,PREAYIVTIEKGKPGQTVTWYQLRADFPKPDSLISEHPTAQEAMDAKKRYED,0.3383657312402146,1,0,1,2
H27G,PREAYIVTIEKGKPGQTVTWYQLRADGPKPDSLISEHPTAQEAMDAKKRYED,-1.1078201700760753,1,4,1,2
H27I,PREAYIVTIEKGKPGQTVTWYQLRADIPKPDSLISEHPTAQEAMDAKKRYED,-0.1109991691911975,1,2,1,2
H27K,PREAYIVTIEKGKPGQTVTWYQLRADKPKPDSLISEHPTAQEAMDAKKRYED,-0.3706447125125458,1,2,1,2
H27L,PREAYIVTIEKGKPGQTVTWYQLRADLPKPDSLISEHPTAQEAMDAKKRYED,-0.6140561682487098,1,2,1,2
H27M,PREAYIVTIEKGKPGQTVTWYQLRADMPKPDSLISEHPTAQEAMDAKKRYED,-0.5235101797078356,1,2,1,2
H27N,PREAYIVTIEKGKPGQTVTWYQLRADNPKPDSLISEHPTAQEAMDAKKRYED,-0.4625383712016635,1,2,1,2
H27P,PREAYIVTIEKGKPGQTVTWYQLRADPPKPDSLISEHPTAQEAMDAKKRYED,-2.2173576040407283,0,1,1,2
H27Q,PREAYIVTIEKGKPGQTVTWYQLRADQPKPDSLISEHPTAQEAMDAKKRYED,-0.1211820323421868,1,1,1,2
H27R,PREAYIVTIEKGKPGQTVTWYQLRADRPKPDSLISEHPTAQEAMDAKKRYED,-0.4869734947935868,1,3,1,2
H27S,PREAYIVTIEKGKPGQTVTWYQLRADSPKPDSLISEHPTAQEAMDAKKRYED,-0.2854586716632319,1,0,1,2
H27T,PREAYIVTIEKGKPGQTVTWYQLRADTPKPDSLISEHPTAQEAMDAKKRYED,-0.410388946623506,1,1,1,2
H27V,PREAYIVTIEKGKPGQTVTWYQLRADVPKPDSLISEHPTAQEAMDAKKRYED,-0.1112353509634598,1,4,1,2
H27W,PREAYIVTIEKGKPGQTVTWYQLRADWPKPDSLISEHPTAQEAMDAKKRYED,0.6619926650203318,1,1,1,2
H27Y,PREAYIVTIEKGKPGQTVTWYQLRADYPKPDSLISEHPTAQEAMDAKKRYED,0.3555435283455619,1,4,1,2
H37A,PREAYIVTIEKGKPGQTVTWYQLRADHPKPDSLISEAPTAQEAMDAKKRYED,-3.932581320360298,0,2,1,3
H37C,PREAYIVTIEKGKPGQTVTWYQLRADHPKPDSLISECPTAQEAMDAKKRYED,-2.913651714067475,0,0,1,3
H37D,PREAYIVTIEKGKPGQTVTWYQLRADHPKPDSLISEDPTAQEAMDAKKRYED,-4.92290802679309,0,0,1,3
H37E,PREAYIVTIEKGKPGQTVTWYQLRADHPKPDSLISEEPTAQEAMDAKKRYED,-4.384256196810755,0,2,1,3
H37F,PREAYIVTIEKGKPGQTVTWYQLRADHPKPDSLISEFPTAQEAMDAKKRYED,-0.8143571108206962,1,3,1,3
H37I,PREAYIVTIEKGKPGQTVTWYQLRADHPKPDSLISEIPTAQEAMDAKKRYED,-4.30116042996068,0,3,1,3
H37K,PREAYIVTIEKGKPGQTVTWYQLRADHPKPDSLISEKPTAQEAMDAKKRYED,-4.277308110793136,0,4,1,3
H37L,PREAYIVTIEKGKPGQTVTWYQLRADHPKPDSLISELPTAQEAMDAKKRYED,-2.96927797369112,0,0,1,3
H37M,PREAYIVTIEKGKPGQTVTWYQLRADHPKPDSLISEMPTAQEAMDAKKRYED,-3.447771218028364,0,1,1,3
H37N,PREAYIVTIEKGKPGQTVTWYQLRADHPKPDSLISENPTAQEAMDAKKRYED,-4.321057983786833,0,3,1,3
H37Q,PREAYIVTIEKGKPGQTVTWYQLRADHPKPDSLISEQPTAQEAMDAKKRYED,-4.212136557250672,0,1,1,3
H37R,PREAYIVTIEKGKPGQTVTWYQLRADHPKPDSLISERPTAQEAMDAKKRYED,-4.847090416694159,0,3,1,3
H37S,PREAYIVTIEKGKPGQTVTWYQLRADHPKPDSLISESPTAQEAMDAKKRYED,-3.307460024081367,0,4,1,3
H37T,PREAYIVTIEKGKPGQTVTWYQLRADHPKPDSLISETPTAQEAMDAKKRYED,-4.071462646120462,0,0,1,3
H37V,PREAYIVTIEKGKPGQTVTWYQLRADHPKPDSLISEVPTAQEAMDAKKRYED,-3.378137855483824,0,1,1,3
H37W,PREAYIVTIEKGKPGQTVTWYQLRADHPKPDSLISEWPTAQEAMDAKKRYED,0.1130203327531709,1,4,1,3
H37Y,PREAYIVTIEKGKPGQTVTWYQLRADHPKPDSLISEYPTAQEAMDAKKRYED,-0.9512911135567796,1,1,1,3
I34A,PREAYIVTIEKGKPGQTVTWYQLRADHPKPDSLASEHPTAQEAMDAKKRYED,-4.567241522567658,0,0,3,3
I34C,PREAYIVTIEKGKPGQTVTWYQLRADHPKPDSLCSEHPTAQEAMDAKKRYED,-2.38466825307959,0,4,3,3
I34E,PREAYIVTIEKGKPGQTVTWYQLRADHPKPDSLESEHPTAQEAMDAKKRYED,-4.1623402203032445,0,0,3,3
I34F,PREAYIVTIEKGKPGQTVTWYQLRADHPKPDSLFSEHPTAQEAMDAKKRYED,-2.691952203000067,0,0,3,3
I34H,PREAYIVTIEKGKPGQTVTWYQLRADHPKPDSLHSEHPTAQEAMDAKKRYED,-2.468838663936478,0,2,3,3
I34K,PREAYIVTIEKGKPGQTVTWYQLRADHPKPDSLKSEHPTAQEAMDAKKRYED,-1.8602493710973764,1,0,3,3
I34L,PREAYIVTIEKGKPGQTVTWYQLRADHPKPDSLLSEHPTAQEAMDAKKRYED,-0.7536796681584441,1,3,3,3
I34M,PREAYIVTIEKGKPGQTVTWYQLRADHPKPDSLMSEHPTAQEAMDAKKRYED,-2.022144140936964,0,3,3,3
I34N,PREAYIVTIEKGKPGQTVTWYQLRADHPKPDSLNSEHPTAQEAMDAKKRYED,-4.261704514214455,0,1,3,3
I34Q,PREAYIVTIEKGKPGQTVTWYQLRADHPKPDSLQSEHPTAQEAMDAKKRYED,-1.947481277209928,1,0,3,3
I34R,PREAYIVTIEKGKPGQTVTWYQLRADHPKPDSLRSEHPTAQEAMDAKKRYED,-3.3277216834922765,0,4,3,3
I34T,PREAYIVTIEKGKPGQTVTWYQLRADHPKPDSLTSEHPTAQEAMDAKKRYED,-4.486756307751277,0,1,3,3
I34V,PREAYIVTIEKGKPGQTVTWYQLRADHPKPDSLVSEHPTAQEAMDAKKRYED,-0.7805501859301485,1,2,3,3
I34W,PREAYIVTIEKGKPGQTVTWYQLRADHPKPDSLWSEHPTAQEAMDAKKRYED,-2.458796777867123,0,0,3,3
I34Y,PREAYIVTIEKGKPGQTVTWYQLRADHPKPDSLYSEHPTAQEAMDAKKRYED,-2.5769250180986143,0,1,3,3
I6A,PREAYAVTIEKGKPGQTVTWYQLRADHPKPDSLISEHPTAQEAMDAKKRYED,-3.4631715033277963,0,1,0,0
I6C,PREAYCVTIEKGKPGQTVTWYQLRADHPKPDSLISEHPTAQEAMDAKKRYED,-2.0368300537397226,0,0,0,0
I6F,PREAYFVTIEKGKPGQTVTWYQLRADHPKPDSLISEHPTAQEAMDAKKRYED,-2.493546810602864,0,0,0,0
I6H,PREAYHVTIEKGKPGQTVTWYQLRADHPKPDSLISEHPTAQEAMDAKKRYED,-4.984614874900456,0,4,0,0
I6L,PREAYLVTIEKGKPGQTVTWYQLRADHPKPDSLISEHPTAQEAMDAKKRYED,-1.5000251478247295,1,3,0,0
I6M,PREAYMVTIEKGKPGQTVTWYQLRADHPKPDSLISEHPTAQEAMDAKKRYED,-1.8524349005052725,1,2,0,0
I6T,PREAYTVTIEKGKPGQTVTWYQLRADHPKPDSLISEHPTAQEAMDAKKRYED,-3.2080356590529613,0,0,0,0
I6V,PREAYVVTIEKGKPGQTVTWYQLRADHPKPDSLISEHPTAQEAMDAKKRYED,-0.7538258678713896,1,0,0,0
I6W,PREAYWVTIEKGKPGQTVTWYQLRADHPKPDSLISEHPTAQEAMDAKKRYED,-3.022952746115432,0,3,0,0
I6Y,PREAYYVTIEKGKPGQTVTWYQLRADHPKPDSLISEHPTAQEAMDAKKRYED,-3.2774016424786776,0,0,0,0
I9A,PREAYIVTAEKGKPGQTVTWYQLRADHPKPDSLISEHPTAQEAMDAKKRYED,-1.46714799522948,1,3,3,0
I9C,PREAYIVTCEKGKPGQTVTWYQLRADHPKPDSLISEHPTAQEAMDAKKRYED,-0.6513587563000507,1,3,3,0
I9D,PREAYIVTDEKGKPGQTVTWYQLRADHPKPDSLISEHPTAQEAMDAKKRYED,-2.805291674087828,0,3,3,0
I9E,PREAYIVTEEKGKPGQTVTWYQLRADHPKPDSLISEHPTAQEAMDAKKRYED,-2.043666924852346,0,0,3,0
I9F,PREAYIVTFEKGKPGQTVTWYQLRADHPKPDSLISEHPTAQEAMDAKKRYED,-1.0303520143831806,1,4,3,0
I9G,PREAYIVTGEKGKPGQTVTWYQLRADHPKPDSLISEHPTAQEAMDAKKRYED,-2.827977753633636,0,4,3,0
I9H,PREAYIVTHEKGKPGQTVTWYQLRADHPKPDSLISEHPTAQEAMDAKKRYED,-1.6516251294590938,1,0,3,0
I9K,PREAYIVTKEKGKPGQTVTWYQLRADHPKPDSLISEHPTAQEAMDAKKRYED,-1.3764073468394655,1,3,3,0
I9L,PREAYIVTLEKGKPGQTVTWYQLRADHPKPDSLISEHPTAQEAMDAKKRYED,-0.9234864171699226,1,3,3,0
I9M,PREAYIVTMEKGKPGQTVTWYQLRADHPKPDSLISEHPTAQEAMDAKKRYED,-0.981224855178044,1,4,3,0
I9N,PREAYIVTNEKGKPGQTVTWYQLRADHPKPDSLISEHPTAQEAMDAKKRYED,-2.1872740997532727,0,1,3,0
I9P,PREAYIVTPEKGKPGQTVTWYQLRADHPKPDSLISEHPTAQEAMDAKKRYED,-4.836491214821098,0,2,3,0
I9Q,PREAYIVTQEKGKPGQTVTWYQLRADHPKPDSLISEHPTAQEAMDAKKRYED,-1.7406667739443629,1,3,3,0
I9R,PREAYIVTREKGKPGQTVTWYQLRADHPKPDSLISEHPTAQEAMDAKKRYED,-1.6201907989658269,1,0,3,0
I9S,PREAYIVTSEKGKPGQTVTWYQLRADHPKPDSLISEHPTAQEAMDAKKRYED,-1.6806734604889808,1,4,3,0
I9T,PREAYIVTTEKGKPGQTVTWYQLRADHPKPDSLISEHPTAQEAMDAKKRYED,-1.0513288920375907,1,1,3,0
I9V,PREAYIVTVEKGKPGQTVTWYQLRADHPKPDSLISEHPTAQEAMDAKKRYED,0.1513565638534881,1,2,3,0
I9W,PREAYIVTWEKGKPGQTVTWYQLRADHPKPDSLISEHPTAQEAMDAKKRYED,-1.9163000476063647,1,0,3,0
I9Y,PREAYIVTYEKGKPGQTVTWYQLRADHPKPDSLISEHPTAQEAMDAKKRYED,-0.8009376063736231,1,1,3,0
K11A,PREAYIVTIEAGKPGQTVTWYQLRADHPKPDSLISEHPTAQEAMDAKKRYED,-1.40314719354671,1,3,0,0
K11C,PREAYIVTIECGKPGQTVTWYQLRADHPKPDSLISEHPTAQEAMDAKKRYED,-0.4402291074160436,1,0,0,0
K11D,PREAYIVTIEDGKPGQTVTWYQLRADHPKPDSLISEHPTAQEAMDAKKRYED,-2.208426087015222,0,4,0,0
K11E,PREAYIVTIEEGKPGQTVTWYQLRADHPKPDSLISEHPTAQEAMDAKKRYED,-1.7501635391408736,1,0,0,0
K11F,PREAYIVTIEFGKPGQTVTWYQLRADHPKPDSLISEHPTAQEAMDAKKRYED,-1.0767095174023535,1,0,0,0
K11G,PREAYIVTIEGGKPGQTVTWYQLRADHPKPDSLISEHPTAQEAMDAKKRYED,-1.7894873801288211,1,1,0,0
K11H,PREAYIVTIEHGKPGQTVTWYQLRADHPKPDSLISEHPTAQEAMDAKKRYED,-0.9697188682834624,1,1,0,0
K11I,PREAYIVTIEIGKPGQTVTWYQLRADHPKPDSLISEHPTAQEAMDAKKRYED,-0.6820743468171513,1,3,0,0
K11L,PREAYIVTIELGKPGQTVTWYQLRADHPKPDSLISEHPTAQEAMDAKKRYED,-0.955982645066263,1,4,0,0
K11M,PREAYIVTIEMGKPGQTVTWYQLRADHPKPDSLISEHPTAQEAMDAKKRYED,-1.0803503329099442,1,4,0,0
K11N,PREAYIVTIENGKPGQTVTWYQLRADHPKPDSLISEHPTAQEAMDAKKRYED,-1.817592260988537,1,4,0,0
K11P,PREAYIVTIEPGKPGQTVTWYQLRADHPKPDSLISEHPTAQEAMDAKKRYED,-2.7121589864066102,0,2,0,0
K11Q,PREAYIVTIEQGKPGQTVTWYQLRADHPKPDSLISEHPTAQEAMDAKKRYED,-1.557701316486995,1,4,0,0
K11R,PREAYIVTIERGKPGQTVTWYQLRADHPKPDSLISEHPTAQEAMDAKKRYED,-0.2031307299554787,1,0,0,0
K11S,PREAYIVTIESGKPGQTVTWYQLRADHPKPDSLISEHPTAQEAMDAKKRYED,-1.4207584576461385,1,0,0,0
K11T,PREAYIVTIETGKPGQTVTWYQLRADHPKPDSLISEHPTAQEAMDAKKRYED,-1.2727242772369172,1,0,0,0
K11V,PREAYIVTIEVGKPGQTVTWYQLRADHPKPDSLISEHPTAQEAMDAKKRYED,-0.5792790670908277,1,2,0,0
K11W,PREAYIVTIEWGKPGQTVTWYQLRADHPKPDSLISEHPTAQEAMDAKKRYED,-1.155637601870274,1,0,0,0
K11Y,PREAYIVTIEYGKPGQTVTWYQLRADHPKPDSLISEHPTAQEAMDAKKRYED,-0.4928243603419946,1,1,0,0
K13A,PREAYIVTIEKGAPGQTVTWYQLRADHPKPDSLISEHPTAQEAMDAKKRYED,-0.0123511699866867,1,2,2,1
K13C,PREAYIVTIEKGCPGQTVTWYQLRADHPKPDSLISEHPTAQEAMDAKKRYED,-0.2844718217016728,1,1,2,1
K13D,PREAYIVTIEKGDPGQTVTWYQLRADHPKPDSLISEHPTAQEAMDAKKRYED,-0.0282329546894706,1,2,2,1
K13E,PREAYIVTIEKGEPGQTVTWYQLRADHPKPDSLISEHPTAQEAMDAKKRYED,0.2281701549308206,1,0,2,1
K13F,PREAYIVTIEKGFPGQTVTWYQLRADHPKPDSLISEHPTAQEAMDAKKRYED,-0.1478417582486333,1,3,2,1
K13G,PREAYIVTIEKGGPGQTVTWYQLRADHPKPDSLISEHPTAQEAMDAKKRYED,-0.1068737450934502,1,4,2,1
K13H,PREAYIVTIEKGHPGQTVTWYQLRADHPKPDSLISEHPTAQEAMDAKKRYED,-0.1388351560115772,1,4,2,1
K13I,PREAYIVTIEKGIPGQTVTWYQLRADHPKPDSLISEHPTAQEAMDAKKRYED,0.2067837947161397,1,4,2,1
K13L,PREAYIVTIEKGLPGQTVTWYQLRADHPKPDSLISEHPTAQEAMDAKKRYED,0.1181052737739776,1,4,2,1
K13M,PREAYIVTIEKGMPGQTVTWYQLRADHPKPDSLISEHPTAQEAMDAKKRYED,0.0398923226721716,1,1,2,1
K13N,PREAYIVTIEKGNPGQTVTWYQLRADHPKPDSLISEHPTAQEAMDAKKRYED,-0.177709435854577,1,4,2,1
K13P,PREAYIVTIEKGPPGQTVTWYQLRADHPKPDSLISEHPTAQEAMDAKKRYED,0.4322177480345663,1,4,2,1
K13Q,PREAYIVTIEKGQPGQTVTWYQLRADHPKPDSLISEHPTAQEAMDAKKRYED,0.0555790687039152,1,3,2,1
K13R,PREAYIVTIEKGRPGQTVTWYQLRADHPKPDSLISEHPTAQEAMDAKKRYED,-0.1537996244260435,1,1,2,1
K13S,PREAYIVTIEKGSPGQTVTWYQLRADHPKPDSLISEHPTAQEAMDAKKRYED,0.1983294327583529,1,4,2,1
K13T,PREAYIVTIEKGTPGQTVTWYQLRADHPKPDSLISEHPTAQEAMDAKKRYED,0.0676481348918329,1,2,2,1
K13V,PREAYIVTIEKGVPGQTVTWYQLRADHPKPDSLISEHPTAQEAMDAKKRYED,0.0084626454396889,1,1,2,1
K13W,PREAYIVTIEKGWPGQTVTWYQLRADHPKPDSLISEHPTAQEAMDAKKRYED,-0.1949739228342948,1,2,2,1
K13Y,PREAYIVTIEKGYPGQTVTWYQLRADHPKPDSLISEHPTAQEAMDAKKRYED,-0.1546630922207068,1,1,2,1
K29A,PREAYIVTIEKGKPGQTVTWYQLRADHPAPDSLISEHPTAQEAMDAKKRYED,-0.2959675356038187,1,4,3,2
K29C,PREAYIVTIEKGKPGQTVTWYQLRADHPCPDSLISEHPTAQEAMDAKKRYED,-0.001949834999154,1,0,3,2
K29D,PREAYIVTIEKGKPGQTVTWYQLRADHPDPDSLISEHPTAQEAMDAKKRYED,-0.5084551721572028,1,1,3,2
K29E,PREAYIVTIEKGKPGQTVTWYQLRADHPEPDSLISEHPTAQEAMDAKKRYED,0.0876696758280255,1,4,3,2
K29F,PREAYIVTIEKGKPGQTVTWYQLRADHPFPDSLISEHPTAQEAMDAKKRYED,0.0739974884138412,1,1,3,2
K29G,PREAYIVTIEKGKPGQTVTWYQLRADHPGPDSLISEHPTAQEAMDAKKRYED,-0.5203407739729147,1,1,3,2
K29H,PREAYIVTIEKGKPGQTVTWYQLRADHPHPDSLISEHPTAQEAMDAKKRYED,0.0604926967401073,1,2,3,2
K29I,PREAYIVTIEKGKPGQTVTWYQLRADHPIPDSLISEHPTAQEAMDAKKRYED,0.0010039376584778,1,2,3,2
K29L,PREAYIVTIEKGKPGQTVTWYQLRADHPLPDSLISEHPTAQEAMDAKKRYED,0.075542704126164,1,3,3,2
K29M,PREAYIVTIEKGKPGQTVTWYQLRADHPMPDSLISEHPTAQEAMDAKKRYED,0.1019196319315085,1,2,3,2
K29N,PREAYIVTIEKGKPGQTVTWYQLRADHPNPDSLISEHPTAQEAMDAKKRYED,-0.2891642765917277,1,1,3,2
K29P,PREAYIVTIEKGKPGQTVTWYQLRADHPPPDSLISEHPTAQEAMDAKKRYED,0.7270517456722949,1,0,3,2
K29Q,PREAYIVTIEKGKPGQTVTWYQLRADHPQPDSLISEHPTAQEAMDAKKRYED,-0.1573994962727134,1,2,3,2
K29R,PREAYIVTIEKGKPGQTVTWYQLRADHPRPDSLISEHPTAQEAMDAKKRYED,-0.1770956906335699,1,2,3,2
K29S,PREAYIVTIEKGKPGQTVTWYQLRADHPSPDSLISEHPTAQEAMDAKKRYED,-0.0930851860492794,1,0,3,2
K29T,PREAYIVTIEKGKPGQTVTWYQLRADHPTPDSLISEHPTAQEAMDAKKRYED,-0.0145442443120007,1,3,3,2
K29V,PREAYIVTIEKGKPGQTVTWYQLRADHPVPDSLISEHPTAQEAMDAKKRYED,0.137034978903948,1,3,3,2
K29W,PREAYIVTIEKGKPGQTVTWYQLRADHPWPDSLISEHPTAQEAMDAKKRYED,0.1409692711674726,1,4,3,2
K29Y,PREAYIVTIEKGKPGQTVTWYQLRADHPYPDSLISEHPTAQEAMDAKKRYED,0.3387734847558565,1,2,3,2
K47A,PREAYIVTIEKGKPGQTVTWYQLRADHPKPDSLISEHPTAQEAMDAAKRYED,-1.588923119912501,1,3,1,4
K47C,PREAYIVTIEKGKPGQTVTWYQLRADHPKPDSLISEHPTAQEAMDACKRYED,-1.4102133200342806,1,4,1,4
K47E,PREAYIVTIEKGKPGQTVTWYQLRADHPKPDSLISEHPTAQEAMDAEKRYED,-3.266336914322092,0,3,1,4
K47F,PREAYIVTIEKGKPGQTVTWYQLRADHPKPDSLISEHPTAQEAMDAFKRYED,-1.4864246309345155,1,0,1,4
K47G,PREAYIVTIEKGKPGQTVTWYQLRADHPKPDSLISEHPTAQEAMDAGKRYED,-2.970700672669333,0,1,1,4
K47H,PREAYIVTIEKGKPGQTVTWYQLRADHPKPDSLISEHPTAQEAMDAHKRYED,-1.5276918041826608,1,0,1,4
K47I,PREAYIVTIEKGKPGQTVTWYQLRADHPKPDSLISEHPTAQEAMDAIKRYED,-1.8018772151721905,1,0,1,4
K47L,PREAYIVTIEKGKPGQTVTWYQLRADHPKPDSLISEHPTAQEAMDALKRYED,-0.018361491730257,1,0,1,4
K47M,PREAYIVTIEKGKPGQTVTWYQLRADHPKPDSLISEHPTAQEAMDAMKRYED,-0.4835228747278628,1,0,1,4
K47N,PREAYIVTIEKGKPGQTVTWYQLRADHPKPDSLISEHPTAQEAMDANKRYED,-3.2417222426053858,0,1,1,4
K47Q,PREAYIVTIEKGKPGQTVTWYQLRADHPKPDSLISEHPTAQEAMDAQKRYED,-1.0048084282542122,1,1,1,4
K47R,PREAYIVTIEKGKPGQTVTWYQLRADHPKPDSLISEHPTAQEAMDARKRYED,-1.0087846423261917,1,4,1,4
K47S,PREAYIVTIEKGKPGQTVTWYQLRADHPKPDSLISEHPTAQEAMDASKRYED,-2.654102281173013,0,3,1,4
K47T,PREAYIVTIEKGKPGQTVTWYQLRADHPKPDSLISEHPTAQEAMDATKRYED,-3.5663851353488054,0,2,1,4
K47V,PREAYIVTIEKGKPGQTVTWYQLRADHPKPDSLISEHPTAQEAMDAVKRYED,-2.391751565662468,0,1,1,4
K47W,PREAYIVTIEKGKPGQTVTWYQLRADHPKPDSLISEHPTAQEAMDAWKRYED,-0.9345034739308864,1,3,1,4
K47Y,PREAYIVTIEKGKPGQTVTWYQLRADHPKPDSLISEHPTAQEAMDAYKRYED,-1.4478888175564544,1,4,1,4
K48A,PREAYIVTIEKGKPGQTVTWYQLRADHPKPDSLISEHPTAQEAMDAKARYED,-0.2705890389959129,1,3,2,4
K48C,PREAYIVTIEKGKPGQTVTWYQLRADHPKPDSLISEHPTAQEAMDAKCRYED,-0.940059140535273,1,2,2,4
K48D,PREAYIVTIEKGKPGQTVTWYQLRADHPKPDSLISEHPTAQEAMDAKDRYED,-1.005997297410425,1,0,2,4
K48E,PREAYIVTIEKGKPGQTVTWYQLRADHPKPDSLISEHPTAQEAMDAKERYED,-0.6248076677979695,1,2,2,4
K48F,PREAYIVTIEKGKPGQTVTWYQLRADHPKPDSLISEHPTAQEAMDAKFRYED,-0.5621339581367018,1,2,2,4
K48G,PREAYIVTIEKGKPGQTVTWYQLRADHPKPDSLISEHPTAQEAMDAKGRYED,-1.0219674174323448,1,1,2,4
K48H,PREAYIVTIEKGKPGQTVTWYQLRADHPKPDSLISEHPTAQEAMDAKHRYED,-0.4915731152418172,1,1,2,4
K48I,PREAYIVTIEKGKPGQTVTWYQLRADHPKPDSLISEHPTAQEAMDAKIRYED,-0.2522933575126176,1,2,2,4
K48L,PREAYIVTIEKGKPGQTVTWYQLRADHPKPDSLISEHPTAQEAMDAKLRYED,-0.2678056380913518,1,0,2,4
K48M,PREAYIVTIEKGKPGQTVTWYQLRADHPKPDSLISEHPTAQEAMDAKMRYED,-0.2770906491226821,1,0,2,4
K48N,PREAYIVTIEKGKPGQTVTWYQLRADHPKPDSLISEHPTAQEAMDAKNRYED,-0.6411416547756117,1,1,2,4
K48P,PREAYIVTIEKGKPGQTVTWYQLRADHPKPDSLISEHPTAQEAMDAKPRYED,-4.715663804853041,0,0,2,4
K48Q,PREAYIVTIEKGKPGQTVTWYQLRADHPKPDSLISEHPTAQEAMDAKQRYED,-0.2656440626727949,1,2,2,4
K48R,PREAYIVTIEKGKPGQTVTWYQLRADHPKPDSLISEHPTAQEAMDAKRRYED,-0.0234492749151176,1,2,2,4
K48S,PREAYIVTIEKGKPGQTVTWYQLRADHPKPDSLISEHPTAQEAMDAKSRYED,-0.612248018476075,1,4,2,4
K48T,PREAYIVTIEKGKPGQTVTWYQLRADHPKPDSLISEHPTAQEAMDAKTRYED,-0.4418934858496159,1,4,2,4
K48V,PREAYIVTIEKGKPGQTVTWYQLRADHPKPDSLISEHPTAQEAMDAKVRYED,-0.4340154420666318,1,2,2,4
K48W,PREAYIVTIEKGKPGQTVTWYQLRADHPKPDSLISEHPTAQEAMDAKWRYED,-0.6703653477759546,1,2,2,4
K48Y,PREAYIVTIEKGKPGQTVTWYQLRADHPKPDSLISEHPTAQEAMDAKYRYED,-0.7258432957010541,1,1,2,4
L23A,PREAYIVTIEKGKPGQTVTWYQARADHPKPDSLISEHPTAQEAMDAKKRYED,-3.912429737426187,0,3,2,2
L23C,PREAYIVTIEKGKPGQTVTWYQCRADHPKPDSLISEHPTAQEAMDAKKRYED,-2.738178019398193,0,4,2,2
L23D,PREAYIVTIEKGKPGQTVTWYQDRADHPKPDSLISEHPTAQEAMDAKKRYED,-4.593760120925031,0,0,2,2
L23F,PREAYIVTIEKGKPGQTVTWYQFRADHPKPDSLISEHPTAQEAMDAKKRYED,-2.8300560469859364,0,2,2,2
L23I,PREAYIVTIEKGKPGQTVTWYQIRADHPKPDSLISEHPTAQEAMDAKKRYED,-1.3055025201962174,1,3,2,2
L23K,PREAYIVTIEKGKPGQTVTWYQKRADHPKPDSLISEHPTAQEAMDAKKRYED,-3.688851492689049,0,3,2,2
L23M,PREAYIVTIEKGKPGQTVTWYQMRADHPKPDSLISEHPTAQEAMDAKKRYED,-2.3836125243164217,0,4,2,2
L23N,PREAYIVTIEKGKPGQTVTWYQNRADHPKPDSLISEHPTAQEAMDAKKRYED,-4.179256831400141,0,1,2,2
L23Q,PREAYIVTIEKGKPGQTVTWYQQRADHPKPDSLISEHPTAQEAMDAKKRYED,-4.806178675287976,0,2,2,2
L23T,PREAYIVTIEKGKPGQTVTWYQTRADHPKPDSLISEHPTAQEAMDAKKRYED,-3.199376815011237,0,2,2,2
L23V,PREAYIVTIEKGKPGQTVTWYQVRADHPKPDSLISEHPTAQEAMDAKKRYED,-0.089269769451457,1,3,2,2
L23W,PREAYIVTIEKGKPGQTVTWYQWRADHPKPDSLISEHPTAQEAMDAKKRYED,-4.3392550216626,0,1,2,2
L23Y,PREAYIVTIEKGKPGQTVTWYQYRADHPKPDSLISEHPTAQEAMDAKKRYED,-4.275247179099815,0,3,2,2
L33A,PREAYIVTIEKGKPGQTVTWYQLRADHPKPDSAISEHPTAQEAMDAKKRYED,-1.9936280988386903,0,0,2,3
L33C,PREAYIVTIEKGKPGQTVTWYQLRADHPKPDSCISEHPTAQEAMDAKKRYED,-1.0020618237714114,1,0,2,3
L33D,PREAYIVTIEKGKPGQTVTWYQLRADHPKPDSDISEHPTAQEAMDAKKRYED,-4.042578847589352,0,2,2,3
L33E,PREAYIVTIEKGKPGQTVTWYQLRADHPKPDSEISEHPTAQEAMDAKKRYED,-2.504569517722364,0,4,2,3
L33F,PREAYIVTIEKGKPGQTVTWYQLRADHPKPDSFISEHPTAQEAMDAKKRYED,-0.3001609668521086,1,3,2,3
L33G,PREAYIVTIEKGKPGQTVTWYQLRADHPKPDSGISEHPTAQEAMDAKKRYED,-3.654422743301422,0,2,2,3
L33H,PREAYIVTIEKGKPGQTVTWYQLRADHPKPDSHISEHPTAQEAMDAKKRYED,-2.393684049512643,0,0,2,3
L33I,PREAYIVTIEKGKPGQTVTWYQLRADHPKPDSIISEHPTAQEAMDAKKRYED,-0.0716290894387388,1,3,2,3
L33K,PREAYIVTIEKGKPGQTVTWYQLRADHPKPDSKISEHPTAQEAMDAKKRYED,-2.31593110709301,0,2,2,3
L33M,PREAYIVTIEKGKPGQTVTWYQLRADHPKPDSMISEHPTAQEAMDAKKRYED,-1.0993130688249568,1,4,2,3
L33N,PREAYIVTIEKGKPGQTVTWYQLRADHPKPDSNISEHPTAQEAMDAKKRYED,-2.975939420778305,0,2,2,3
L33P,PREAYIVTIEKGKPGQTVTWYQLRADHPKPDSPISEHPTAQEAMDAKKRYED,-2.068779033836764,0,0,2,3
L33Q,PREAYIVTIEKGKPGQTVTWYQLRADHPKPDSQISEHPTAQEAMDAKKRYED,-2.223461181831304,0,1,2,3
L33R,PREAYIVTIEKGKPGQTVTWYQLRADHPKPDSRISEHPTAQEAMDAKKRYED,-2.346911255333384,0,2,2,3
L33S,PREAYIVTIEKGKPGQTVTWYQLRADHPKPDSSISEHPTAQEAMDAKKRYED,-2.75322950821634,0,1,2,3
L33T,PREAYIVTIEKGKPGQTVTWYQLRADHPKPDSTISEHPTAQEAMDAKKRYED,-1.57373590934918,1,1,2,3
L33V,PREAYIVTIEKGKPGQTVTWYQLRADHPKPDSVISEHPTAQEAMDAKKRYED,-0.1078210891145836,1,2,2,3
L33W,PREAYIVTIEKGKPGQTVTWYQLRADHPKPDSWISEHPTAQEAMDAKKRYED,-1.5960848280340452,1,0,2,3
L33Y,PREAYIVTIEKGKPGQTVTWYQLRADHPKPDSYISEHPTAQEAMDAKKRYED,-1.4058030534200698,1,1,2,3
M44A,PREAYIVTIEKGKPGQTVTWYQLRADHPKPDSLISEHPTAQEAADAKKRYED,-0.2607364717714948,1,1,3,4
M44C,PREAYIVTIEKGKPGQTVTWYQLRADHPKPDSLISEHPTAQEACDAKKRYED,-0.4532846136681518,1,2,3,4
M44D,PREAYIVTIEKGKPGQTVTWYQLRADHPKPDSLISEHPTAQEADDAKKRYED,-0.8987667975959788,1,0,3,4
M44E,PREAYIVTIEKGKPGQTVTWYQLRADHPKPDSLISEHPTAQEAEDAKKRYED,-0.0294322847161767,1,3,3,4
M44F,PREAYIVTIEKGKPGQTVTWYQLRADHPKPDSLISEHPTAQEAFDAKKRYED,-0.1299237982501715,1,3,3,4
M44G,PREAYIVTIEKGKPGQTVTWYQLRADHPKPDSLISEHPTAQEAGDAKKRYED,-1.351420294756028,1,4,3,4
M44H,PREAYIVTIEKGKPGQTVTWYQLRADHPKPDSLISEHPTAQEAHDAKKRYED,-0.4759915552701916,1,2,3,4
M44I,PREAYIVTIEKGKPGQTVTWYQLRADHPKPDSLISEHPTAQEAIDAKKRYED,-0.1510709069465097,1,1,3,4
M44K,PREAYIVTIEKGKPGQTVTWYQLRADHPKPDSLISEHPTAQEAKDAKKRYED,-0.6423046505040979,1,0,3,4
M44L,PREAYIVTIEKGKPGQTVTWYQLRADHPKPDSLISEHPTAQEALDAKKRYED,0.1667081228190667,1,1,3,4
M44N,PREAYIVTIEKGKPGQTVTWYQLRADHPKPDSLISEHPTAQEANDAKKRYED,-0.5468308449684294,1,3,3,4
M44Q,PREAYIVTIEKGKPGQTVTWYQLRADHPKPDSLISEHPTAQEAQDAKKRYED,-0.2374787638012065,1,0,3,4
M44R,PREAYIVTIEKGKPGQTVTWYQLRADHPKPDSLISEHPTAQEARDAKKRYED,-0.5262879026549814,1,0,3,4
M44S,PREAYIVTIEKGKPGQTVTWYQLRADHPKPDSLISEHPTAQEASDAKKRYED,-0.8556842698834703,1,2,3,4
M44T,PREAYIVTIEKGKPGQTVTWYQLRADHPKPDSLISEHPTAQEATDAKKRYED,-0.8829021199945775,1,2,3,4
M44V,PREAYIVTIEKGKPGQTVTWYQLRADHPKPDSLISEHPTAQEAVDAKKRYED,-0.5517781136839925,1,4,3,4
M44W,PREAYIVTIEKGKPGQTVTWYQLRADHPKPDSLISEHPTAQEAWDAKKRYED,0.0634027569455835,1,2,3,4
M44Y,PREAYIVTIEKGKPGQTVTWYQLRADHPKPDSLISEHPTAQEAYDAKKRYED,-0.0787815936890119,1,1,3,4
P14A,PREAYIVTIEKGKAGQTVTWYQLRADHPKPDSLISEHPTAQEAMDAKKRYED,-0.3409339954359436,1,0,3,1
P14D,PREAYIVTIEKGKDGQTVTWYQLRADHPKPDSLISEHPTAQEAMDAKKRYED,-0.1409227191679836,1,1,3,1
P14E,PREAYIVTIEKGKEGQTVTWYQLRADHPKPDSLISEHPTAQEAMDAKKRYED,-0.2544379734841469,1,4,3,1
P14F,PREAYIVTIEKGKFGQTVTWYQLRADHPKPDSLISEHPTAQEAMDAKKRYED,-0.4504286162750301,1,0,3,1
P14G,PREAYIVTIEKGKGGQTVTWYQLRADHPKPDSLISEHPTAQEAMDAKKRYED,-0.5380255330081338,1,4,3,1
P14H,PREAYIVTIEKGKHGQTVTWYQLRADHPKPDSLISEHPTAQEAMDAKKRYED,-0.5248851187603414,1,0,3,1
P14I,PREAYIVTIEKGKIGQTVTWYQLRADHPKPDSLISEHPTAQEAMDAKKRYED,-0.4438342156399786,1,2,3,1
P14K,PREAYIVTIEKGKKGQTVTWYQLRADHPKPDSLISEHPTAQEAMDAKKRYED,-0.3364131012146427,1,2,3,1
P14L,PREAYIVTIEKGKLGQTVTWYQLRADHPKPDSLISEHPTAQEAMDAKKRYED,-0.5887894850647908,1,3,3,1
P14M,PREAYIVTIEKGKMGQTVTWYQLRADHPKPDSLISEHPTAQEAMDAKKRYED,-0.7006432967875096,1,3,3,1
P14N,PREAYIVTIEKGKNGQTVTWYQLRADHPKPDSLISEHPTAQEAMDAKKRYED,-0.1317008239760948,1,3,3,1
P14Q,PREAYIVTIEKGKQGQTVTWYQLRADHPKPDSLISEHPTAQEAMDAKKRYED,-0.4940841633269208,1,3,3,1
P14R,PREAYIVTIEKGKRGQTVTWYQLRADHPKPDSLISEHPTAQEAMDAKKRYED,-0.6885921433446129,1,2,3,1
P14S,PREAYIVTIEKGKSGQTVTWYQLRADHPKPDSLISEHPTAQEAMDAKKRYED,-0.81869985140575,1,4,3,1
P14T,PREAYIVTIEKGKTGQTVTWYQLRADHPKPDSLISEHPTAQEAMDAKKRYED,-0.6309689443028947,1,1,3,1
P14V,PREAYIVTIEKGKVGQTVTWYQLRADHPKPDSLISEHPTAQEAMDAKKRYED,-0.4964581819405049,1,3,3,1
P14W,PREAYIVTIEKGKWGQTVTWYQLRADHPKPDSLISEHPTAQEAMDAKKRYED,-0.8079125156790443,1,4,3,1
P14Y,PREAYIVTIEKGKYGQTVTWYQLRADHPKPDSLISEHPTAQEAMDAKKRYED,-0.3676052675938956,1,3,3,1
P1A,AREAYIVTIEKGKPGQTVTWYQLRADHPKPDSLISEHPTAQEAMDAKKRYED,-0.007586661465325,1,3,0,0
P1C,CREAYIVTIEKGKPGQTVTWYQLRADHPKPDSLISEHPTAQEAMDAKKRYED,0.002099336298758,1,2,0,0
P1D,DREAYIVTIEKGKPGQTVTWYQLRADHPKPDSLISEHPTAQEAMDAKKRYED,-0.5493654315170451,1,4,0,0
P1E,EREAYIVTIEKGKPGQTVTWYQLRADHPKPDSLISEHPTAQEAMDAKKRYED,-0.4710775412272046,1,3,0,0
P1F,FREAYIVTIEKGKPGQTVTWYQLRADHPKPDSLISEHPTAQEAMDAKKRYED,0.0807966844967742,1,2,0,0
P1G,GREAYIVTIEKGKPGQTVTWYQLRADHPKPDSLISEHPTAQEAMDAKKRYED,0.0766466935852925,1,0,0,0
P1H,HREAYIVTIEKGKPGQTVTWYQLRADHPKPDSLISEHPTAQEAMDAKKRYED,-0.0589328855102397,1,3,0,0
P1I,IREAYIVTIEKGKPGQTVTWYQLRADHPKPDSLISEHPTAQEAMDAKKRYED,0.0842973058428002,1,0,0,0
P1K,KREAYIVTIEKGKPGQTVTWYQLRADHPKPDSLISEHPTAQEAMDAKKRYED,0.5520765497688869,1,1,0,0
P1L,LREAYIVTIEKGKPGQTVTWYQLRADHPKPDSLISEHPTAQEAMDAKKRYED,0.0224022651522393,1,2,0,0
P1M,MREAYIVTIEKGKPGQTVTWYQLRADHPKPDSLISEHPTAQEAMDAKKRYED,-0.0807175620105358,1,0,0,0
P1N,NREAYIVTIEKGKPGQTVTWYQLRADHPKPDSLISEHPTAQEAMDAKKRYED,0.1489109879016315,1,4,0,0
P1Q,QREAYIVTIEKGKPGQTVTWYQLRADHPKPDSLISEHPTAQEAMDAKKRYED,-0.0586995921525979,1,4,0,0
P1R,RREAYIVTIEKGKPGQTVTWYQLRADHPKPDSLISEHPTAQEAMDAKKRYED,0.2582728185576908,1,2,0,0
P1S,SREAYIVTIEKGKPGQTVTWYQLRADHPKPDSLISEHPTAQEAMDAKKRYED,-0.1748651826707234,1,1,0,0
P1T,TREAYIVTIEKGKPGQTVTWYQLRADHPKPDSLISEHPTAQEAMDAKKRYED,-0.031190299414324,1,3,0,0
P1V,VREAYIVTIEKGKPGQTVTWYQLRADHPKPDSLISEHPTAQEAMDAKKRYED,0.0467282098988768,1,0,0,0
P1W,WREAYIVTIEKGKPGQTVTWYQLRADHPKPDSLISEHPTAQEAMDAKKRYED,0.0043927109878403,1,4,0,0
P1Y,YREAYIVTIEKGKPGQTVTWYQLRADHPKPDSLISEHPTAQEAMDAKKRYED,0.1441037969703948,1,0,0,0
P28A,PREAYIVTIEKGKPGQTVTWYQLRADHAKPDSLISEHPTAQEAMDAKKRYED,-1.0982669473244924,1,4,2,2
P28C,PREAYIVTIEKGKPGQTVTWYQLRADHCKPDSLISEHPTAQEAMDAKKRYED,-0.8531360116623095,1,4,2,2
P28D,PREAYIVTIEKGKPGQTVTWYQLRADHDKPDSLISEHPTAQEAMDAKKRYED,-0.7613796199231269,1,0,2,2
P28E,PREAYIVTIEKGKPGQTVTWYQLRADHEKPDSLISEHPTAQEAMDAKKRYED,-0.8862381394747905,1,2,2,2
P28F,PREAYIVTIEKGKPGQTVTWYQLRADHFKPDSLISEHPTAQEAMDAKKRYED,-1.0810512474696852,1,2,2,2
P28G,PREAYIVTIEKGKPGQTVTWYQLRADHGKPDSLISEHPTAQEAMDAKKRYED,-0.950473072425138,1,0,2,2
P28H,PREAYIVTIEKGKPGQTVTWYQLRADHHKPDSLISEHPTAQEAMDAKKRYED,-0.3003294674845076,1,3,2,2
P28I,PREAYIVTIEKGKPGQTVTWYQLRADHIKPDSLISEHPTAQEAMDAKKRYED,-0.6903752609103151,1,1,2,2
P28K,PREAYIVTIEKGKPGQTVTWYQLRADHKKPDSLISEHPTAQEAMDAKKRYED,-0.7529086006870189,1,2,2,2
P28L,PREAYIVTIEKGKPGQTVTWYQLRADHLKPDSLISEHPTAQEAMDAKKRYED,-0.2212864689693541,1,4,2,2
P28M,PREAYIVTIEKGKPGQTVTWYQLRADHMKPDSLISEHPTAQEAMDAKKRYED,-0.9066368707949146,1,4,2,2
P28N,PREAYIVTIEKGKPGQTVTWYQLRADHNKPDSLISEHPTAQEAMDAKKRYED,-0.9941077334683976,1,3,2,2
P28Q,PREAYIVTIEKGKPGQTVTWYQLRADHQKPDSLISEHPTAQEAMDAKKRYED,-0.928875657571666,1,0,2,2
P28R,PREAYIVTIEKGKPGQTVTWYQLRADHRKPDSLISEHPTAQEAMDAKKRYED,-0.8687283602372187,1,3,2,2
P28S,PREAYIVTIEKGKPGQTVTWYQLRADHSKPDSLISEHPTAQEAMDAKKRYED,-1.226618876021615,1,0,2,2
P28T,PREAYIVTIEKGKPGQTVTWYQLRADHTKPDSLISEHPTAQEAMDAKKRYED,-1.3060948689247809,1,4,2,2
P28V,PREAYIVTIEKGKPGQTVTWYQLRADHVKPDSLISEHPTAQEAMDAKKRYED,-0.9590162370682772,1,3,2,2
P28W,PREAYIVTIEKGKPGQTVTWYQLRADHWKPDSLISEHPTAQEAMDAKKRYED,-1.264330493842067,1,2,2,2
P28Y,PREAYIVTIEKGKPGQTVTWYQLRADHYKPDSLISEHPTAQEAMDAKKRYED,-0.9672145831951288,1,0,2,2
P30A,PREAYIVTIEKGKPGQTVTWYQLRADHPKADSLISEHPTAQEAMDAKKRYED,-0.4664581608768978,1,0,4,2
P30C,PREAYIVTIEKGKPGQTVTWYQLRADHPKCDSLISEHPTAQEAMDAKKRYED,-0.5623693766002997,1,2,4,2
P30D,PREAYIVTIEKGKPGQTVTWYQLRADHPKDDSLISEHPTAQEAMDAKKRYED,-1.3121871082737535,1,4,4,2
P30E,PREAYIVTIEKGKPGQTVTWYQLRADHPKEDSLISEHPTAQEAMDAKKRYED,-0.7313100472301128,1,1,4,2
P30F,PREAYIVTIEKGKPGQTVTWYQLRADHPKFDSLISEHPTAQEAMDAKKRYED,-0.465830161255381,1,4,4,2
P30G,PREAYIVTIEKGKPGQTVTWYQLRADHPKGDSLISEHPTAQEAMDAKKRYED,-0.6157619174709645,1,2,4,2
P30H,PREAYIVTIEKGKPGQTVTWYQLRADHPKHDSLISEHPTAQEAMDAKKRYED,-0.5526810825812349,1,2,4,2
P30I,PREAYIVTIEKGKPGQTVTWYQLRADHPKIDSLISEHPTAQEAMDAKKRYED,-0.4375828766079412,1,0,4,2
P30K,PREAYIVTIEKGKPGQTVTWYQLRADHPKKDSLISEHPTAQEAMDAKKRYED,-0.146437529706878,1,3,4,2
P30L,PREAYIVTIEKGKPGQTVTWYQLRADHPKLDSLISEHPTAQEAMDAKKRYED,-0.4987660815506407,1,4,4,2
P30M,PREAYIVTIEKGKPGQTVTWYQLRADHPKMDSLISEHPTAQEAMDAKKRYED,-0.5846800948683422,1,0,4,2
P30N,PREAYIVTIEKGKPGQTVTWYQLRADHPKNDSLISEHPTAQEAMDAKKRYED,-0.8819761432329707,1,1,4,2
P30Q,PREAYIVTIEKGKPGQTVTWYQLRADHPKQDSLISEHPTAQEAMDAKKRYED,-0.6020863778664278,1,2,4,2
P30R,PREAYIVTIEKGKPGQTVTWYQLRADHPKRDSLISEHPTAQEAMDAKKRYED,-0.4497381542207068,1,0,4,2
P30S,PREAYIVTIEKGKPGQTVTWYQLRADHPKSDSLISEHPTAQEAMDAKKRYED,-0.9442991063436984,1,4,4,2
P30T,PREAYIVTIEKGKPGQTVTWYQLRADHPKTDSLISEHPTAQEAMDAKKRYED,-0.7905712780124885,1,3,4,2
P30V,PREAYIVTIEKGKPGQTVTWYQLRADHPKVDSLISEHPTAQEAMDAKKRYED,-0.3136926692118287,1,2,4,2
P30W,PREAYIVTIEKGKPGQTVTWYQLRADHPKWDSLISEHPTAQEAMDAKKRYED,-0.8841899107831814,1,3,4,2
P30Y,PREAYIVTIEKGKPGQTVTWYQLRADHPKYDSLISEHPTAQEAMDAKKRYED,-0.5082603101003249,1,4,4,2
P38A,PREAYIVTIEKGKPGQTVTWYQLRADHPKPDSLISEHATAQEAMDAKKRYED,0.1409059301014981,1,2,2,3
P38C,PREAYIVTIEKGKPGQTVTWYQLRADHPKPDSLISEHCTAQEAMDAKKRYED,-0.5868330233536545,1,3,2,3
P38D,PREAYIVTIEKGKPGQTVTWYQLRADHPKPDSLISEHDTAQEAMDAKKRYED,-1.3397379677726322,1,2,2,3
P38E,PREAYIVTIEKGKPGQTVTWYQLRADHPKPDSLISEHETAQEAMDAKKRYED,-0.329781821568837,1,1,2,3
P38F,PREAYIVTIEKGKPGQTVTWYQLRADHPKPDSLISEHFTAQEAMDAKKRYED,-0.855850577903555,1,2,2,3
P38G,PREAYIVTIEKGKPGQTVTWYQLRADHPKPDSLISEHGTAQEAMDAKKRYED,-0.7368085303920222,1,2,2,3
P38H,PREAYIVTIEKGKPGQTVTWYQLRADHPKPDSLISEHHTAQEAMDAKKRYED,-0.680467994289478,1,2,2,3
P38I,PREAYIVTIEKGKPGQTVTWYQLRADHPKPDSLISEHITAQEAMDAKKRYED,-0.4594301129947737,1,2,2,3
P38K,PREAYIVTIEKGKPGQTVTWYQLRADHPKPDSLISEHKTAQEAMDAKKRYED,-0.1026130346792584,1,1,2,3
P38L,PREAYIVTIEKGKPGQTVTWYQLRADHPKPDSLISEHLTAQEAMDAKKRYED,-0.0586640872276333,1,1,2,3
P38M,PREAYIVTIEKGKPGQTVTWYQLRADHPKPDSLISEHMTAQEAMDAKKRYED,-0.1805580300368205,1,2,2,3
P38N,PREAYIVTIEKGKPGQTVTWYQLRADHPKPDSLISEHNTAQEAMDAKKRYED,-0.938116341478544,1,2,2,3
P38Q,PREAYIVTIEKGKPGQTVTWYQLRADHPKPDSLISEHQTAQEAMDAKKRYED,-0.0747958350147408,1,4,2,3
P38R,PREAYIVTIEKGKPGQTVTWYQLRADHPKPDSLISEHRTAQEAMDAKKRYED,0.1334239473948422,1,4,2,3
P38S,PREAYIVTIEKGKPGQTVTWYQLRADHPKPDSLISEHSTAQEAMDAKKRYED,-0.4049358278008386,1,4,2,3
P38T,PREAYIVTIEKGKPGQTVTWYQLRADHPKPDSLISEHTTAQEAMDAKKRYED,-0.2235478686618237,1,2,2,3
P38V,PREAYIVTIEKGKPGQTVTWYQLRADHPKPDSLISEHVTAQEAMDAKKRYED,-0.5791948978117265,1,4,2,3
P38W,PREAYIVTIEKGKPGQTVTWYQLRADHPKPDSLISEHWTAQEAMDAKKRYED,-1.142786320149337,1,0,2,3
P38Y,PREAYIVTIEKGKPGQTVTWYQLRADHPKPDSLISEHYTAQEAMDAKKRYED,-0.8553034592409237,1,1,2,3
Q16A,PREAYIVTIEKGKPGATVTWYQLRADHPKPDSLISEHPTAQEAMDAKKRYED,-0.1943295787320909,1,3,0,1
Q16C,PREAYIVTIEKGKPGCTVTWYQLRADHPKPDSLISEHPTAQEAMDAKKRYED,0.1877207785277708,1,2,0,1
Q16D,PREAYIVTIEKGKPGDTVTWYQLRADHPKPDSLISEHPTAQEAMDAKKRYED,-0.1362283405895503,1,1,0,1
Q16E,PREAYIVTIEKGKPGETVTWYQLRADHPKPDSLISEHPTAQEAMDAKKRYED,0.1060568430604469,1,1,0,1
Q16F,PREAYIVTIEKGKPGFTVTWYQLRADHPKPDSLISEHPTAQEAMDAKKRYED,0.1093572184639217,1,3,0,1
Q16G,PREAYIVTIEKGKPGGTVTWYQLRADHPKPDSLISEHPTAQEAMDAKKRYED,-0.5224174970592683,1,3,0,1
Q16H,PREAYIVTIEKGKPGHTVTWYQLRADHPKPDSLISEHPTAQEAMDAKKRYED,-0.1824670853886307,1,0,0,1
Q16I,PREAYIVTIEKGKPGITVTWYQLRADHPKPDSLISEHPTAQEAMDAKKRYED,-0.9307611775731316,1,0,0,1
Q16K,PREAYIVTIEKGKPGKTVTWYQLRADHPKPDSLISEHPTAQEAMDAKKRYED,-0.3044652406173194,1,0,0,1
Q16L,PREAYIVTIEKGKPGLTVTWYQLRADHPKPDSLISEHPTAQEAMDAKKRYED,-0.4922660430157486,1,3,0,1
Q16M,PREAYIVTIEKGKPGMTVTWYQLRADHPKPDSLISEHPTAQEAMDAKKRYED,0.1299704517390569,1,4,0,1
Q16N,PREAYIVTIEKGKPGNTVTWYQLRADHPKPDSLISEHPTAQEAMDAKKRYED,-0.0127837718540968,1,2,0,1
Q16P,PREAYIVTIEKGKPGPTVTWYQLRADHPKPDSLISEHPTAQEAMDAKKRYED,-0.5930393811722459,1,1,0,1
Q16R,PREAYIVTIEKGKPGRTVTWYQLRADHPKPDSLISEHPTAQEAMDAKKRYED,-0.404812469343391,1,0,0,1
Q16S,PREAYIVTIEKGKPGSTVTWYQLRADHPKPDSLISEHPTAQEAMDAKKRYED,-0.1471622912144186,1,4,0,1
Q16T,PREAYIVTIEKGKPGTTVTWYQLRADHPKPDSLISEHPTAQEAMDAKKRYED,-0.5964890381536065,1,4,0,1
Q16V,PREAYIVTIEKGKPGVTVTWYQLRADHPKPDSLISEHPTAQEAMDAKKRYED,-0.5784114612863913,1,3,0,1
Q16W,PREAYIVTIEKGKPGWTVTWYQLRADHPKPDSLISEHPTAQEAMDAKKRYED,-0.5488647169692715,1,1,0,1
Q16Y,PREAYIVTIEKGKPGYTVTWYQLRADHPKPDSLISEHPTAQEAMDAKKRYED,-0.1790055153618519,1,4,0,1
Q22A,PREAYIVTIEKGKPGQTVTWYALRADHPKPDSLISEHPTAQEAMDAKKRYED,-1.8724977714275908,1,2,1,1
Q22C,PREAYIVTIEKGKPGQTVTWYCLRADHPKPDSLISEHPTAQEAMDAKKRYED,-2.073522950190891,0,0,1,1
Q22D,PREAYIVTIEKGKPGQTVTWYDLRADHPKPDSLISEHPTAQEAMDAKKRYED,-4.179805761179328,0,0,1,1
Q22E,PREAYIVTIEKGKPGQTVTWYELRADHPKPDSLISEHPTAQEAMDAKKRYED,-0.7488838160456104,1,3,1,1
Q22F,PREAYIVTIEKGKPGQTVTWYFLRADHPKPDSLISEHPTAQEAMDAKKRYED,-2.980008197402895,0,4,1,1
Q22G,PREAYIVTIEKGKPGQTVTWYGLRADHPKPDSLISEHPTAQEAMDAKKRYED,-3.243607318993094,0,2,1,1
Q22H,PREAYIVTIEKGKPGQTVTWYHLRADHPKPDSLISEHPTAQEAMDAKKRYED,-2.003550166904564,0,4,1,1
Q22I,PREAYIVTIEKGKPGQTVTWYILRADHPKPDSLISEHPTAQEAMDAKKRYED,-1.914972351077046,1,3,1,1
Q22K,PREAYIVTIEKGKPGQTVTWYKLRADHPKPDSLISEHPTAQEAMDAKKRYED,-5.058535434439498,0,3,1,1
Q22L,PREAYIVTIEKGKPGQTVTWYLLRADHPKPDSLISEHPTAQEAMDAKKRYED,-1.885930371093735,1,0,1,1
Q22M,PREAYIVTIEKGKPGQTVTWYMLRADHPKPDSLISEHPTAQEAMDAKKRYED,-2.132170571865908,0,3,1,1
Q22N,PREAYIVTIEKGKPGQTVTWYNLRADHPKPDSLISEHPTAQEAMDAKKRYED,-3.544189436954564,0,0,1,1
Q22P,PREAYIVTIEKGKPGQTVTWYPLRADHPKPDSLISEHPTAQEAMDAKKRYED,-4.369568124480197,0,1,1,1
Q22R,PREAYIVTIEKGKPGQTVTWYRLRADHPKPDSLISEHPTAQEAMDAKKRYED,-4.151930384975774,0,0,1,1
Q22S,PREAYIVTIEKGKPGQTVTWYSLRADHPKPDSLISEHPTAQEAMDAKKRYED,-1.9869120749396671,0,3,1,1
Q22T,PREAYIVTIEKGKPGQTVTWYTLRADHPKPDSLISEHPTAQEAMDAKKRYED,-2.0817006666874702,0,3,1,1
Q22V,PREAYIVTIEKGKPGQTVTWYVLRADHPKPDSLISEHPTAQEAMDAKKRYED,-1.805307547715096,1,3,1,1
Q22W,PREAYIVTIEKGKPGQTVTWYWLRADHPKPDSLISEHPTAQEAMDAKKRYED,-2.820197482632878,0,4,1,1
Q22Y,PREAYIVTIEKGKPGQTVTWYYLRADHPKPDSLISEHPTAQEAMDAKKRYED,-2.3914864567155263,0,0,1,1
Q41A,PREAYIVTIEKGKPGQTVTWYQLRADHPKPDSLISEHPTAAEAMDAKKRYED,-0.032163987998306,1,2,0,3
Q41C,PREAYIVTIEKGKPGQTVTWYQLRADHPKPDSLISEHPTACEAMDAKKRYED,-0.6724404816943612,1,1,0,3
Q41D,PREAYIVTIEKGKPGQTVTWYQLRADHPKPDSLISEHPTADEAMDAKKRYED,-0.5552226314713002,1,2,0,3
Q41E,PREAYIVTIEKGKPGQTVTWYQLRADHPKPDSLISEHPTAEEAMDAKKRYED,0.0550839589992202,1,2,0,3
Q41F,PREAYIVTIEKGKPGQTVTWYQLRADHPKPDSLISEHPTAFEAMDAKKRYED,-0.9156307544828416,1,4,0,3
Q41G,PREAYIVTIEKGKPGQTVTWYQLRADHPKPDSLISEHPTAGEAMDAKKRYED,-0.7000431895487154,1,2,0,3
Q41H,PREAYIVTIEKGKPGQTVTWYQLRADHPKPDSLISEHPTAHEAMDAKKRYED,-0.5532890484294466,1,1,0,3
Q41I,PREAYIVTIEKGKPGQTVTWYQLRADHPKPDSLISEHPTAIEAMDAKKRYED,-0.3082255663014539,1,1,0,3
Q41K,PREAYIVTIEKGKPGQTVTWYQLRADHPKPDSLISEHPTAKEAMDAKKRYED,-0.0415110960566584,1,4,0,3
Q41L,PREAYIVTIEKGKPGQTVTWYQLRADHPKPDSLISEHPTALEAMDAKKRYED,-0.4005707865292507,1,2,0,3
Q41M,PREAYIVTIEKGKPGQTVTWYQLRADHPKPDSLISEHPTAMEAMDAKKRYED,-0.4805260471802164,1,0,0,3
Q41N,PREAYIVTIEKGKPGQTVTWYQLRADHPKPDSLISEHPTANEAMDAKKRYED,-0.717048738187358,1,0,0,3
Q41P,PREAYIVTIEKGKPGQTVTWYQLRADHPKPDSLISEHPTAPEAMDAKKRYED,-1.400810920071332,1,3,0,3
Q41R,PREAYIVTIEKGKPGQTVTWYQLRADHPKPDSLISEHPTAREAMDAKKRYED,-0.3738033369110534,1,3,0,3
Q41S,PREAYIVTIEKGKPGQTVTWYQLRADHPKPDSLISEHPTASEAMDAKKRYED,-0.4099033816913877,1,2,0,3
Q41T,PREAYIVTIEKGKPGQTVTWYQLRADHPKPDSLISEHPTATEAMDAKKRYED,-0.5744667780854527,1,1,0,3
Q41V,PREAYIVTIEKGKPGQTVTWYQLRADHPKPDSLISEHPTAVEAMDAKKRYED,-0.5836897078862302,1,3,0,3
Q41W,PREAYIVTIEKGKPGQTVTWYQLRADHPKPDSLISEHPTAWEAMDAKKRYED,-0.2734176147035807,1,3,0,3
Q41Y,PREAYIVTIEKGKPGQTVTWYQLRADHPKPDSLISEHPTAYEAMDAKKRYED,-0.8732357167444857,1,0,0,3
R24A,PREAYIVTIEKGKPGQTVTWYQLAADHPKPDSLISEHPTAQEAMDAKKRYED,-3.185167460432845,0,3,3,2
R24C,PREAYIVTIEKGKPGQTVTWYQLCADHPKPDSLISEHPTAQEAMDAKKRYED,-0.7859394560031334,1,0,3,2
R24D,PREAYIVTIEKGKPGQTVTWYQLDADHPKPDSLISEHPTAQEAMDAKKRYED,-3.92945766859968,0,0,3,2
R24E,PREAYIVTIEKGKPGQTVTWYQLEADHPKPDSLISEHPTAQEAMDAKKRYED,-4.11198321255408,0,0,3,2
R24F,PREAYIVTIEKGKPGQTVTWYQLFADHPKPDSLISEHPTAQEAMDAKKRYED,-0.295808887741666,1,2,3,2
R24G,PREAYIVTIEKGKPGQTVTWYQLGADHPKPDSLISEHPTAQEAMDAKKRYED,-4.157438191294586,0,0,3,2
R24H,PREAYIVTIEKGKPGQTVTWYQLHADHPKPDSLISEHPTAQEAMDAKKRYED,-1.4636854431153576,1,0,3,2
R24I,PREAYIVTIEKGKPGQTVTWYQLIADHPKPDSLISEHPTAQEAMDAKKRYED,-0.6959453210810009,1,2,3,2
R24K,PREAYIVTIEKGKPGQTVTWYQLKADHPKPDSLISEHPTAQEAMDAKKRYED,0.1371002948316801,1,3,3,2
R24L,PREAYIVTIEKGKPGQTVTWYQLLADHPKPDSLISEHPTAQEAMDAKKRYED,-1.1950751995414255,1,0,3,2
R24M,PREAYIVTIEKGKPGQTVTWYQLMADHPKPDSLISEHPTAQEAMDAKKRYED,-0.359626703843809,1,0,3,2
R24N,PREAYIVTIEKGKPGQTVTWYQLNADHPKPDSLISEHPTAQEAMDAKKRYED,-3.306076391799526,0,0,3,2
R24P,PREAYIVTIEKGKPGQTVTWYQLPADHPKPDSLISEHPTAQEAMDAKKRYED,-3.922504058479149,0,2,3,2
R24Q,PREAYIVTIEKGKPGQTVTWYQLQADHPKPDSLISEHPTAQEAMDAKKRYED,-2.484640791233954,0,0,3,2
R24S,PREAYIVTIEKGKPGQTVTWYQLSADHPKPDSLISEHPTAQEAMDAKKRYED,-3.1467749561286658,0,4,3,2
R24T,PREAYIVTIEKGKPGQTVTWYQLTADHPKPDSLISEHPTAQEAMDAKKRYED,-2.092765559836176,0,0,3,2
R24V,PREAYIVTIEKGKPGQTVTWYQLVADHPKPDSLISEHPTAQEAMDAKKRYED,-0.9280229584715594,1,0,3,2
R24W,PREAYIVTIEKGKPGQTVTWYQLWADHPKPDSLISEHPTAQEAMDAKKRYED,0.3155208440332266,1,3,3,2
R24Y,PREAYIVTIEKGKPGQTVTWYQLYADHPKPDSLISEHPTAQEAMDAKKRYED,-0.0410180593750748,1,3,3,2
R2A,PAEAYIVTIEKGKPGQTVTWYQLRADHPKPDSLISEHPTAQEAMDAKKRYED,-0.6518463831844081,1,3,1,0
R2C,PCEAYIVTIEKGKPGQTVTWYQLRADHPKPDSLISEHPTAQEAMDAKKRYED,-0.1186411801156399,1,1,1,0
R2D,PDEAYIVTIEKGKPGQTVTWYQLRADHPKPDSLISEHPTAQEAMDAKKRYED,-1.314465546803956,1,3,1,0
R2E,PEEAYIVTIEKGKPGQTVTWYQLRADHPKPDSLISEHPTAQEAMDAKKRYED,-1.3235727146642025,1,3,1,0
R2F,PFEAYIVTIEKGKPGQTVTWYQLRADHPKPDSLISEHPTAQEAMDAKKRYED,-0.2724548523542989,1,3,1,0
R2G,PGEAYIVTIEKGKPGQTVTWYQLRADHPKPDSLISEHPTAQEAMDAKKRYED,-0.4210115727371919,1,3,1,0
R2H,PHEAYIVTIEKGKPGQTVTWYQLRADHPKPDSLISEHPTAQEAMDAKKRYED,-0.2532314399716138,1,3,1,0
R2I,PIEAYIVTIEKGKPGQTVTWYQLRADHPKPDSLISEHPTAQEAMDAKKRYED,-0.2435281628882868,1,3,1,0
R2K,PKEAYIVTIEKGKPGQTVTWYQLRADHPKPDSLISEHPTAQEAMDAKKRYED,-0.3310142566256555,1,1,1,0
R2L,PLEAYIVTIEKGKPGQTVTWYQLRADHPKPDSLISEHPTAQEAMDAKKRYED,-0.4170264382362716,1,0,1,0
R2M,PMEAYIVTIEKGKPGQTVTWYQLRADHPKPDSLISEHPTAQEAMDAKKRYED,-0.3556441900498139,1,1,1,0
R2N,PNEAYIVTIEKGKPGQTVTWYQLRADHPKPDSLISEHPTAQEAMDAKKRYED,-0.7084456883731387,1,1,1,0
R2P,PPEAYIVTIEKGKPGQTVTWYQLRADHPKPDSLISEHPTAQEAMDAKKRYED,-0.3794788904152577,1,4,1,0
R2Q,PQEAYIVTIEKGKPGQTVTWYQLRADHPKPDSLISEHPTAQEAMDAKKRYED,-0.9122545378261696,1,4,1,0
R2S,PSEAYIVTIEKGKPGQTVTWYQLRADHPKPDSLISEHPTAQEAMDAKKRYED,-0.7888950178569427,1,2,1,0
R2T,PTEAYIVTIEKGKPGQTVTWYQLRADHPKPDSLISEHPTAQEAMDAKKRYED,-0.6076366891440839,1,0,1,0
R2V,PVEAYIVTIEKGKPGQTVTWYQLRADHPKPDSLISEHPTAQEAMDAKKRYED,-0.3184738676780045,1,3,1,0
R2W,PWEAYIVTIEKGKPGQTVTWYQLRADHPKPDSLISEHPTAQEAMDAKKRYED,0.1111707612163712,1,3,1,0
R2Y,PYEAYIVTIEKGKPGQTVTWYQLRADHPKPDSLISEHPTAQEAMDAKKRYED,-0.0987657729760984,1,2,1,0
R49A,PREAYIVTIEKGKPGQTVTWYQLRADHPKPDSLISEHPTAQEAMDAKKAYED,0.2271200143739484,1,3,3,4
R49C,PREAYIVTIEKGKPGQTVTWYQLRADHPKPDSLISEHPTAQEAMDAKKCYED,-0.7256883284264326,1,2,3,4
R49D,PREAYIVTIEKGKPGQTVTWYQLRADHPKPDSLISEHPTAQEAMDAKKDYED,-0.8921039314481067,1,0,3,4
R49E,PREAYIVTIEKGKPGQTVTWYQLRADHPKPDSLISEHPTAQEAMDAKKEYED,-0.5626681903942092,1,3,3,4
R49F,PREAYIVTIEKGKPGQTVTWYQLRADHPKPDSLISEHPTAQEAMDAKKFYED,-0.6089201814365226,1,1,3,4
R49G,PREAYIVTIEKGKPGQTVTWYQLRADHPKPDSLISEHPTAQEAMDAKKGYED,-1.3531830508823628,1,2,3,4
R49H,PREAYIVTIEKGKPGQTVTWYQLRADHPKPDSLISEHPTAQEAMDAKKHYED,-0.4883444800536844,1,3,3,4
R49I,PREAYIVTIEKGKPGQTVTWYQLRADHPKPDSLISEHPTAQEAMDAKKIYED,-0.302852362965222,1,0,3,4
R49K,PREAYIVTIEKGKPGQTVTWYQLRADHPKPDSLISEHPTAQEAMDAKKKYED,0.0523525401230156,1,1,3,4
R49L,PREAYIVTIEKGKPGQTVTWYQLRADHPKPDSLISEHPTAQEAMDAKKLYED,-0.3318835636236978,1,2,3,4
R49M,PREAYIVTIEKGKPGQTVTWYQLRADHPKPDSLISEHPTAQEAMDAKKMYED,-0.4262854162601988,1,4,3,4
R49N,PREAYIVTIEKGKPGQTVTWYQLRADHPKPDSLISEHPTAQEAMDAKKNYED,-0.536279700881098,1,4,3,4
R49P,PREAYIVTIEKGKPGQTVTWYQLRADHPKPDSLISEHPTAQEAMDAKKPYED,-3.851741976422524,0,4,3,4
R49Q,PREAYIVTIEKGKPGQTVTWYQLRADHPKPDSLISEHPTAQEAMDAKKQYED,-0.4722522505535678,1,1,3,4
R49S,PREAYIVTIEKGKPGQTVTWYQLRADHPKPDSLISEHPTAQEAMDAKKSYED,-0.5944103877568594,1,3,3,4
R49T,PREAYIVTIEKGKPGQTVTWYQLRADHPKPDSLISEHPTAQEAMDAKKTYED,-0.6950272281701544,1,3,3,4
R49V,PREAYIVTIEKGKPGQTVTWYQLRADHPKPDSLISEHPTAQEAMDAKKVYED,-0.177134665940613,1,3,3,4
R49W,PREAYIVTIEKGKPGQTVTWYQLRADHPKPDSLISEHPTAQEAMDAKKWYED,-0.4065048227462577,1,0,3,4
R49Y,PREAYIVTIEKGKPGQTVTWYQLRADHPKPDSLISEHPTAQEAMDAKKYYED,-0.457374032330502,1,2,3,4
S32A,PREAYIVTIEKGKPGQTVTWYQLRADHPKPDALISEHPTAQEAMDAKKRYED,-0.961809177946548,1,0,1,2
S32C,PREAYIVTIEKGKPGQTVTWYQLRADHPKPDCLISEHPTAQEAMDAKKRYED,-0.8761480216167121,1,1,1,2
S32D,PREAYIVTIEKGKPGQTVTWYQLRADHPKPDDLISEHPTAQEAMDAKKRYED,-1.9558063667254824,0,0,1,2
S32E,PREAYIVTIEKGKPGQTVTWYQLRADHPKPDELISEHPTAQEAMDAKKRYED,-1.2057154824848406,1,2,1,2
S32F,PREAYIVTIEKGKPGQTVTWYQLRADHPKPDFLISEHPTAQEAMDAKKRYED,-0.1080936742679057,1,3,1,2
S32G,PREAYIVTIEKGKPGQTVTWYQLRADHPKPDGLISEHPTAQEAMDAKKRYED,-1.4058260839452936,1,1,1,2
S32H,PREAYIVTIEKGKPGQTVTWYQLRADHPKPDHLISEHPTAQEAMDAKKRYED,0.2760335192158685,1,1,1,2
S32I,PREAYIVTIEKGKPGQTVTWYQLRADHPKPDILISEHPTAQEAMDAKKRYED,-0.4575876164465606,1,4,1,2
S32K,PREAYIVTIEKGKPGQTVTWYQLRADHPKPDKLISEHPTAQEAMDAKKRYED,-0.3263335247414418,1,1,1,2
S32L,PREAYIVTIEKGKPGQTVTWYQLRADHPKPDLLISEHPTAQEAMDAKKRYED,-0.853434717897843,1,0,1,2
S32M,PREAYIVTIEKGKPGQTVTWYQLRADHPKPDMLISEHPTAQEAMDAKKRYED,-0.4735886717541477,1,1,1,2
S32N,PREAYIVTIEKGKPGQTVTWYQLRADHPKPDNLISEHPTAQEAMDAKKRYED,-0.7234800949892017,1,1,1,2
S32P,PREAYIVTIEKGKPGQTVTWYQLRADHPKPDPLISEHPTAQEAMDAKKRYED,-3.168707072147113,0,2,1,2
S32Q,PREAYIVTIEKGKPGQTVTWYQLRADHPKPDQLISEHPTAQEAMDAKKRYED,-0.6587399228648936,1,3,1,2
S32R,PREAYIVTIEKGKPGQTVTWYQLRADHPKPDRLISEHPTAQEAMDAKKRYED,0.4089925947418935,1,1,1,2
S32T,PREAYIVTIEKGKPGQTVTWYQLRADHPKPDTLISEHPTAQEAMDAKKRYED,0.6333005403000964,1,1,1,2
S32V,PREAYIVTIEKGKPGQTVTWYQLRADHPKPDVLISEHPTAQEAMDAKKRYED,-0.4988585993082806,1,0,1,2
S32W,PREAYIVTIEKGKPGQTVTWYQLRADHPKPDWLISEHPTAQEAMDAKKRYED,-0.3338236804945449,1,0,1,2
S32Y,PREAYIVTIEKGKPGQTVTWYQLRADHPKPDYLISEHPTAQEAMDAKKRYED,-0.1938433476744978,1,4,1,2
S35A,PREAYIVTIEKGKPGQTVTWYQLRADHPKPDSLIAEHPTAQEAMDAKKRYED,-2.778410136575947,0,0,4,3
S35C,PREAYIVTIEKGKPGQTVTWYQLRADHPKPDSLICEHPTAQEAMDAKKRYED,-2.424692776234919,0,1,4,3
S35D,PREAYIVTIEKGKPGQTVTWYQLRADHPKPDSLIDEHPTAQEAMDAKKRYED,-3.5646972569101907,0,0,4,3
S35E,PREAYIVTIEKGKPGQTVTWYQLRADHPKPDSLIEEHPTAQEAMDAKKRYED,-2.563276975953811,0,3,4,3
S35F,PREAYIVTIEKGKPGQTVTWYQLRADHPKPDSLIFEHPTAQEAMDAKKRYED,-3.6558753103395087,0,2,4,3
S35G,PREAYIVTIEKGKPGQTVTWYQLRADHPKPDSLIGEHPTAQEAMDAKKRYED,-2.381523841013056,0,2,4,3
S35H,PREAYIVTIEKGKPGQTVTWYQLRADHPKPDSLIHEHPTAQEAMDAKKRYED,-4.39022174223089,0,4,4,3
S35I,PREAYIVTIEKGKPGQTVTWYQLRADHPKPDSLIIEHPTAQEAMDAKKRYED,-4.282406617306396,0,4,4,3
S35K,PREAYIVTIEKGKPGQTVTWYQLRADHPKPDSLIKEHPTAQEAMDAKKRYED,-4.772567042081658,0,4,4,3
S35L,PREAYIVTIEKGKPGQTVTWYQLRADHPKPDSLILEHPTAQEAMDAKKRYED,-4.631033046116096,0,2,4,3
S35M,PREAYIVTIEKGKPGQTVTWYQLRADHPKPDSLIMEHPTAQEAMDAKKRYED,-3.7743503459951855,0,3,4,3
S35N,PREAYIVTIEKGKPGQTVTWYQLRADHPKPDSLINEHPTAQEAMDAKKRYED,-2.96372998088718,0,1,4,3
S35P,PREAYIVTIEKGKPGQTVTWYQLRADHPKPDSLIPEHPTAQEAMDAKKRYED,-5.143741615395444,0,3,4,3
S35Q,PREAYIVTIEKGKPGQTVTWYQLRADHPKPDSLIQEHPTAQEAMDAKKRYED,-3.643440492639322,0,1,4,3
S35R,PREAYIVTIEKGKPGQTVTWYQLRADHPKPDSLIREHPTAQEAMDAKKRYED,-4.51968643072888,0,0,4,3
S35T,PREAYIVTIEKGKPGQTVTWYQLRADHPKPDSLITEHPTAQEAMDAKKRYED,-2.132567351962928,0,2,4,3
S35V,PREAYIVTIEKGKPGQTVTWYQLRADHPKPDSLIVEHPTAQEAMDAKKRYED,-3.5475138188198017,0,2,4,3
S35W,PREAYIVTIEKGKPGQTVTWYQLRADHPKPDSLIWEHPTAQEAMDAKKRYED,-3.494464911728791,0,4,4,3
S35Y,PREAYIVTIEKGKPGQTVTWYQLRADHPKPDSLIYEHPTAQEAMDAKKRYED,-3.9913859127061855,0,2,4,3
T17A,PREAYIVTIEKGKPGQAVTWYQLRADHPKPDSLISEHPTAQEAMDAKKRYED,-0.5518486598095298,1,0,1,1
T17C,PREAYIVTIEKGKPGQCVTWYQLRADHPKPDSLISEHPTAQEAMDAKKRYED,-0.6488226166814455,1,3,1,1
T17D,PREAYIVTIEKGKPGQDVTWYQLRADHPKPDSLISEHPTAQEAMDAKKRYED,-1.7785509554514485,1,0,1,1
T17E,PREAYIVTIEKGKPGQEVTWYQLRADHPKPDSLISEHPTAQEAMDAKKRYED,-0.3136712328792059,1,3,1,1
T17F,PREAYIVTIEKGKPGQFVTWYQLRADHPKPDSLISEHPTAQEAMDAKKRYED,-0.3558231182522196,1,4,1,1
T17G,PREAYIVTIEKGKPGQGVTWYQLRADHPKPDSLISEHPTAQEAMDAKKRYED,-0.6443700044028686,1,3,1,1
T17H,PREAYIVTIEKGKPGQHVTWYQLRADHPKPDSLISEHPTAQEAMDAKKRYED,-0.8522353059015417,1,3,1,1
T17I,PREAYIVTIEKGKPGQIVTWYQLRADHPKPDSLISEHPTAQEAMDAKKRYED,-0.4621559770577819,1,3,1,1
T17K,PREAYIVTIEKGKPGQKVTWYQLRADHPKPDSLISEHPTAQEAMDAKKRYED,-0.1570730474388364,1,4,1,1
T17L,PREAYIVTIEKGKPGQLVTWYQLRADHPKPDSLISEHPTAQEAMDAKKRYED,-0.0470645012744768,1,2,1,1
T17M,PREAYIVTIEKGKPGQMVTWYQLRADHPKPDSLISEHPTAQEAMDAKKRYED,-0.073699505274595,1,2,1,1
T17N,PREAYIVTIEKGKPGQNVTWYQLRADHPKPDSLISEHPTAQEAMDAKKRYED,-1.0935993493902467,1,2,1,1
T17P,PREAYIVTIEKGKPGQPVTWYQLRADHPKPDSLISEHPTAQEAMDAKKRYED,-1.106841769974975,1,1,1,1
T17Q,PREAYIVTIEKGKPGQQVTWYQLRADHPKPDSLISEHPTAQEAMDAKKRYED,-0.265669699763353,1,1,1,1
T17R,PREAYIVTIEKGKPGQRVTWYQLRADHPKPDSLISEHPTAQEAMDAKKRYED,-0.3419697579454404,1,1,1,1
T17S,PREAYIVTIEKGKPGQSVTWYQLRADHPKPDSLISEHPTAQEAMDAKKRYED,-0.4033321967425163,1,0,1,1
T17V,PREAYIVTIEKGKPGQVVTWYQLRADHPKPDSLISEHPTAQEAMDAKKRYED,-0.464179611148555,1,2,1,1
T17W,PREAYIVTIEKGKPGQWVTWYQLRADHPKPDSLISEHPTAQEAMDAKKRYED,-0.2538657111099165,1,3,1,1
T17Y,PREAYIVTIEKGKPGQYVTWYQLRADHPKPDSLISEHPTAQEAMDAKKRYED,-0.2286617691503978,1,4,1,1
T19A,PREAYIVTIEKGKPGQTVAWYQLRADHPKPDSLISEHPTAQEAMDAKKRYED,-1.4022414248758204,1,4,3,1
T19C,PREAYIVTIEKGKPGQTVCWYQLRADHPKPDSLISEHPTAQEAMDAKKRYED,-0.990638624124646,1,1,3,1
T19D,PREAYIVTIEKGKPGQTVDWYQLRADHPKPDSLISEHPTAQEAMDAKKRYED,-2.061732233549302,0,0,3,1
T19E,PREAYIVTIEKGKPGQTVEWYQLRADHPKPDSLISEHPTAQEAMDAKKRYED,-1.2804597370541684,1,1,3,1
T19F,PREAYIVTIEKGKPGQTVFWYQLRADHPKPDSLISEHPTAQEAMDAKKRYED,-0.4723255397598458,1,1,3,1
T19G,PREAYIVTIEKGKPGQTVGWYQLRADHPKPDSLISEHPTAQEAMDAKKRYED,-2.3344801808059468,0,3,3,1
T19H,PREAYIVTIEKGKPGQTVHWYQLRADHPKPDSLISEHPTAQEAMDAKKRYED,-1.3408606490452055,1,2,3,1
T19I,PREAYIVTIEKGKPGQTVIWYQLRADHPKPDSLISEHPTAQEAMDAKKRYED,0.1762127316614155,1,1,3,1
T19K,PREAYIVTIEKGKPGQTVKWYQLRADHPKPDSLISEHPTAQEAMDAKKRYED,-0.414836645096631,1,4,3,1
T19L,PREAYIVTIEKGKPGQTVLWYQLRADHPKPDSLISEHPTAQEAMDAKKRYED,-0.1711930725249968,1,2,3,1
T19M,PREAYIVTIEKGKPGQTVMWYQLRADHPKPDSLISEHPTAQEAMDAKKRYED,-0.5452577853705094,1,0,3,1
T19N,PREAYIVTIEKGKPGQTVNWYQLRADHPKPDSLISEHPTAQEAMDAKKRYED,-1.2892987687771962,1,2,3,1
T19P,PREAYIVTIEKGKPGQTVPWYQLRADHPKPDSLISEHPTAQEAMDAKKRYED,-1.2488119837075988,1,0,3,1
T19Q,PREAYIVTIEKGKPGQTVQWYQLRADHPKPDSLISEHPTAQEAMDAKKRYED,-1.0287954945758495,1,1,3,1
T19R,PREAYIVTIEKGKPGQTVRWYQLRADHPKPDSLISEHPTAQEAMDAKKRYED,-0.5974877433295287,1,1,3,1
T19S,PREAYIVTIEKGKPGQTVSWYQLRADHPKPDSLISEHPTAQEAMDAKKRYED,-1.2808527251880175,1,2,3,1
T19V,PREAYIVTIEKGKPGQTVVWYQLRADHPKPDSLISEHPTAQEAMDAKKRYED,-0.1884295788252492,1,0,3,1
T19W,PREAYIVTIEKGKPGQTVWWYQLRADHPKPDSLISEHPTAQEAMDAKKRYED,-0.9514202773551186,1,1,3,1
T19Y,PREAYIVTIEKGKPGQTVYWYQLRADHPKPDSLISEHPTAQEAMDAKKRYED,-0.7145144375068146,1,2,3,1
T39A,PREAYIVTIEKGKPGQTVTWYQLRADHPKPDSLISEHPAAQEAMDAKKRYED,-2.079534782688871,0,0,3,3
T39C,PREAYIVTIEKGKPGQTVTWYQLRADHPKPDSLISEHPCAQEAMDAKKRYED,-1.6422505432393386,1,3,3,3
T39D,PREAYIVTIEKGKPGQTVTWYQLRADHPKPDSLISEHPDAQEAMDAKKRYED,-1.3782162623650498,1,1,3,3
T39E,PREAYIVTIEKGKPGQTVTWYQLRADHPKPDSLISEHPEAQEAMDAKKRYED,-2.109095015555988,0,4,3,3
T39F,PREAYIVTIEKGKPGQTVTWYQLRADHPKPDSLISEHPFAQEAMDAKKRYED,-1.8318702056895413,1,4,3,3
T39G,PREAYIVTIEKGKPGQTVTWYQLRADHPKPDSLISEHPGAQEAMDAKKRYED,-2.0669252320207328,0,1,3,3
T39H,PREAYIVTIEKGKPGQTVTWYQLRADHPKPDSLISEHPHAQEAMDAKKRYED,-1.818767449955197,1,2,3,3
T39I,PREAYIVTIEKGKPGQTVTWYQLRADHPKPDSLISEHPIAQEAMDAKKRYED,-2.186168445020714,0,2,3,3
T39K,PREAYIVTIEKGKPGQTVTWYQLRADHPKPDSLISEHPKAQEAMDAKKRYED,-2.1369962508636284,0,3,3,3
T39L,PREAYIVTIEKGKPGQTVTWYQLRADHPKPDSLISEHPLAQEAMDAKKRYED,-1.960048559783469,0,3,3,3
T39M,PREAYIVTIEKGKPGQTVTWYQLRADHPKPDSLISEHPMAQEAMDAKKRYED,-2.3861321851472828,0,4,3,3
T39N,PREAYIVTIEKGKPGQTVTWYQLRADHPKPDSLISEHPNAQEAMDAKKRYED,-0.4763138654040659,1,2,3,3
T39Q,PREAYIVTIEKGKPGQTVTWYQLRADHPKPDSLISEHPQAQEAMDAKKRYED,-2.152565377870053,0,4,3,3
T39R,PREAYIVTIEKGKPGQTVTWYQLRADHPKPDSLISEHPRAQEAMDAKKRYED,-1.7631816560958455,1,4,3,3
T39S,PREAYIVTIEKGKPGQTVTWYQLRADHPKPDSLISEHPSAQEAMDAKKRYED,-0.424952481761379,1,2,3,3
T39V,PREAYIVTIEKGKPGQTVTWYQLRADHPKPDSLISEHPVAQEAMDAKKRYED,-2.2155675429724093,0,4,3,3
T39W,PREAYIVTIEKGKPGQTVTWYQLRADHPKPDSLISEHPWAQEAMDAKKRYED,-2.3450850916985937,0,2,3,3
T39Y,PREAYIVTIEKGKPGQTVTWYQLRADHPKPDSLISEHPYAQEAMDAKKRYED,-1.7908951396451789,1,1,3,3
T8A,PREAYIVAIEKGKPGQTVTWYQLRADHPKPDSLISEHPTAQEAMDAKKRYED,-0.1319215827250115,1,0,2,0
T8C,PREAYIVCIEKGKPGQTVTWYQLRADHPKPDSLISEHPTAQEAMDAKKRYED,-0.2793231234410958,1,2,2,0
T8D,PREAYIVDIEKGKPGQTVTWYQLRADHPKPDSLISEHPTAQEAMDAKKRYED,-1.844735167311959,1,1,2,0
T8E,PREAYIVEIEKGKPGQTVTWYQLRADHPKPDSLISEHPTAQEAMDAKKRYED,0.0615844926766175,1,1,2,0
T8F,PREAYIVFIEKGKPGQTVTWYQLRADHPKPDSLISEHPTAQEAMDAKKRYED,-1.055945683211828,1,1,2,0
T8G,PREAYIVGIEKGKPGQTVTWYQLRADHPKPDSLISEHPTAQEAMDAKKRYED,-1.4392012530513716,1,3,2,0
T8H,PREAYIVHIEKGKPGQTVTWYQLRADHPKPDSLISEHPTAQEAMDAKKRYED,-1.105714782948496,1,4,2,0
T8I,PREAYIVIIEKGKPGQTVTWYQLRADHPKPDSLISEHPTAQEAMDAKKRYED,0.1127299137374429,1,1,2,0
T8K,PREAYIVKIEKGKPGQTVTWYQLRADHPKPDSLISEHPTAQEAMDAKKRYED,0.4492707684024424,1,3,2,0
T8L,PREAYIVLIEKGKPGQTVTWYQLRADHPKPDSLISEHPTAQEAMDAKKRYED,-0.198815899690909,1,3,2,0
T8M,PREAYIVMIEKGKPGQTVTWYQLRADHPKPDSLISEHPTAQEAMDAKKRYED,0.1541937127386798,1,4,2,0
T8N,PREAYIVNIEKGKPGQTVTWYQLRADHPKPDSLISEHPTAQEAMDAKKRYED,-1.2866089825328766,1,1,2,0
T8P,PREAYIVPIEKGKPGQTVTWYQLRADHPKPDSLISEHPTAQEAMDAKKRYED,0.1375995182177547,1,0,2,0
T8Q,PREAYIVQIEKGKPGQTVTWYQLRADHPKPDSLISEHPTAQEAMDAKKRYED,-0.1330257582234537,1,2,2,0
T8R,PREAYIVRIEKGKPGQTVTWYQLRADHPKPDSLISEHPTAQEAMDAKKRYED,0.0073249984604633,1,0,2,0
T8S,PREAYIVSIEKGKPGQTVTWYQLRADHPKPDSLISEHPTAQEAMDAKKRYED,-0.2817098389334891,1,1,2,0
T8V,PREAYIVVIEKGKPGQTVTWYQLRADHPKPDSLISEHPTAQEAMDAKKRYED,-0.0190787263043921,1,2,2,0
T8W,PREAYIVWIEKGKPGQTVTWYQLRADHPKPDSLISEHPTAQEAMDAKKRYED,-1.1433700705035852,1,2,2,0
T8Y,PREAYIVYIEKGKPGQTVTWYQLRADHPKPDSLISEHPTAQEAMDAKKRYED,-1.056012948214354,1,2,2,0
V18A,PREAYIVTIEKGKPGQTATWYQLRADHPKPDSLISEHPTAQEAMDAKKRYED,-0.8255023863643007,1,3,2,1
V18C,PREAYIVTIEKGKPGQTCTWYQLRADHPKPDSLISEHPTAQEAMDAKKRYED,-0.7254711678264343,1,3,2,1
V18D,PREAYIVTIEKGKPGQTDTWYQLRADHPKPDSLISEHPTAQEAMDAKKRYED,-0.4828241357559579,1,0,2,1
V18E,PREAYIVTIEKGKPGQTETWYQLRADHPKPDSLISEHPTAQEAMDAKKRYED,0.0114863859870659,1,4,2,1
V18F,PREAYIVTIEKGKPGQTFTWYQLRADHPKPDSLISEHPTAQEAMDAKKRYED,-0.9430926992096658,1,4,2,1
V18G,PREAYIVTIEKGKPGQTGTWYQLRADHPKPDSLISEHPTAQEAMDAKKRYED,-1.4858190698929477,1,3,2,1
V18H,PREAYIVTIEKGKPGQTHTWYQLRADHPKPDSLISEHPTAQEAMDAKKRYED,-0.5457019574936348,1,0,2,1
V18I,PREAYIVTIEKGKPGQTITWYQLRADHPKPDSLISEHPTAQEAMDAKKRYED,-0.2799569330037093,1,2,2,1
V18K,PREAYIVTIEKGKPGQTKTWYQLRADHPKPDSLISEHPTAQEAMDAKKRYED,-0.0692156938616106,1,1,2,1
V18L,PREAYIVTIEKGKPGQTLTWYQLRADHPKPDSLISEHPTAQEAMDAKKRYED,-0.7032316025111722,1,1,2,1
V18M,PREAYIVTIEKGKPGQTMTWYQLRADHPKPDSLISEHPTAQEAMDAKKRYED,-0.4001503284572236,1,4,2,1
V18N,PREAYIVTIEKGKPGQTNTWYQLRADHPKPDSLISEHPTAQEAMDAKKRYED,-0.8282036129861061,1,2,2,1
V18P,PREAYIVTIEKGKPGQTPTWYQLRADHPKPDSLISEHPTAQEAMDAKKRYED,-3.347764503598172,0,4,2,1
V18Q,PREAYIVTIEKGKPGQTQTWYQLRADHPKPDSLISEHPTAQEAMDAKKRYED,-0.2235435362992346,1,0,2,1
V18R,PREAYIVTIEKGKPGQTRTWYQLRADHPKPDSLISEHPTAQEAMDAKKRYED,-0.3057193143744188,1,4,2,1
V18S,PREAYIVTIEKGKPGQTSTWYQLRADHPKPDSLISEHPTAQEAMDAKKRYED,-0.4061514716277647,1,1,2,1
V18T,PREAYIVTIEKGKPGQTTTWYQLRADHPKPDSLISEHPTAQEAMDAKKRYED,0.0301934499894898,1,0,2,1
V18W,PREAYIVTIEKGKPGQTWTWYQLRADHPKPDSLISEHPTAQEAMDAKKRYED,-0.8513619212190369,1,0,2,1
V18Y,PREAYIVTIEKGKPGQTYTWYQLRADHPKPDSLISEHPTAQEAMDAKKRYED,-0.527261871131115,1,1,2,1
V7A,PREAYIATIEKGKPGQTVTWYQLRADHPKPDSLISEHPTAQEAMDAKKRYED,-1.3865088283293812,1,4,1,0
V7C,PREAYICTIEKGKPGQTVTWYQLRADHPKPDSLISEHPTAQEAMDAKKRYED,-0.2231710648130196,1,0,1,0
V7D,PREAYIDTIEKGKPGQTVTWYQLRADHPKPDSLISEHPTAQEAMDAKKRYED,-2.885951356230012,0,4,1,0
V7E,PREAYIETIEKGKPGQTVTWYQLRADHPKPDSLISEHPTAQEAMDAKKRYED,-2.0563156367915205,0,2,1,0
V7F,PREAYIFTIEKGKPGQTVTWYQLRADHPKPDSLISEHPTAQEAMDAKKRYED,-1.482980911083989,1,0,1,0
V7G,PREAYIGTIEKGKPGQTVTWYQLRADHPKPDSLISEHPTAQEAMDAKKRYED,-2.4954190666110785,0,1,1,0
V7H,PREAYIHTIEKGKPGQTVTWYQLRADHPKPDSLISEHPTAQEAMDAKKRYED,-1.5830395880880284,1,1,1,0
V7I,PREAYIITIEKGKPGQTVTWYQLRADHPKPDSLISEHPTAQEAMDAKKRYED,-0.2462328717112694,1,4,1,0
V7K,PREAYIKTIEKGKPGQTVTWYQLRADHPKPDSLISEHPTAQEAMDAKKRYED,-0.835335453606652,1,3,1,0
V7L,PREAYILTIEKGKPGQTVTWYQLRADHPKPDSLISEHPTAQEAMDAKKRYED,-1.0603675285495346,1,2,1,0
V7M,PREAYIMTIEKGKPGQTVTWYQLRADHPKPDSLISEHPTAQEAMDAKKRYED,-0.9729219836575832,1,3,1,0
V7N,PREAYINTIEKGKPGQTVTWYQLRADHPKPDSLISEHPTAQEAMDAKKRYED,-2.0627501874224743,0,4,1,0
V7Q,PREAYIQTIEKGKPGQTVTWYQLRADHPKPDSLISEHPTAQEAMDAKKRYED,-1.328491001124796,1,3,1,0
V7R,PREAYIRTIEKGKPGQTVTWYQLRADHPKPDSLISEHPTAQEAMDAKKRYED,-0.5001399464663896,1,4,1,0
V7S,PREAYISTIEKGKPGQTVTWYQLRADHPKPDSLISEHPTAQEAMDAKKRYED,-1.4009112870596558,1,2,1,0
V7T,PREAYITTIEKGKPGQTVTWYQLRADHPKPDSLISEHPTAQEAMDAKKRYED,-0.6385580314103763,1,4,1,0
V7W,PREAYIWTIEKGKPGQTVTWYQLRADHPKPDSLISEHPTAQEAMDAKKRYED,-1.6456805155339036,1,4,1,0
V7Y,PREAYIYTIEKGKPGQTVTWYQLRADHPKPDSLISEHPTAQEAMDAKKRYED,-1.3353756239512808,1,4,1,0
W20A,PREAYIVTIEKGKPGQTVTAYQLRADHPKPDSLISEHPTAQEAMDAKKRYED,-2.1095951606942704,0,2,4,1
W20C,PREAYIVTIEKGKPGQTVTCYQLRADHPKPDSLISEHPTAQEAMDAKKRYED,-1.3158414962198035,1,3,4,1
W20D,PREAYIVTIEKGKPGQTVTDYQLRADHPKPDSLISEHPTAQEAMDAKKRYED,-4.289160263000979,0,4,4,1
W20E,PREAYIVTIEKGKPGQTVTEYQLRADHPKPDSLISEHPTAQEAMDAKKRYED,-2.64003223275458,0,3,4,1
W20F,PREAYIVTIEKGKPGQTVTFYQLRADHPKPDSLISEHPTAQEAMDAKKRYED,-0.9854540202675536,1,1,4,1
W20G,PREAYIVTIEKGKPGQTVTGYQLRADHPKPDSLISEHPTAQEAMDAKKRYED,-3.1982385420208987,0,1,4,1
W20H,PREAYIVTIEKGKPGQTVTHYQLRADHPKPDSLISEHPTAQEAMDAKKRYED,-1.91563714579353,1,1,4,1
W20I,PREAYIVTIEKGKPGQTVTIYQLRADHPKPDSLISEHPTAQEAMDAKKRYED,-1.039501026079595,1,2,4,1
W20K,PREAYIVTIEKGKPGQTVTKYQLRADHPKPDSLISEHPTAQEAMDAKKRYED,-2.102932226068692,0,4,4,1
W20L,PREAYIVTIEKGKPGQTVTLYQLRADHPKPDSLISEHPTAQEAMDAKKRYED,-1.461823588958569,1,4,4,1
W20M,PREAYIVTIEKGKPGQTVTMYQLRADHPKPDSLISEHPTAQEAMDAKKRYED,-1.2941308347693887,1,4,4,1
W20N,PREAYIVTIEKGKPGQTVTNYQLRADHPKPDSLISEHPTAQEAMDAKKRYED,-2.7964126085144443,0,0,4,1
W20Q,PREAYIVTIEKGKPGQTVTQYQLRADHPKPDSLISEHPTAQEAMDAKKRYED,-2.4804683487597567,0,1,4,1
W20R,PREAYIVTIEKGKPGQTVTRYQLRADHPKPDSLISEHPTAQEAMDAKKRYED,-1.685257247309755,1,2,4,1
W20S,PREAYIVTIEKGKPGQTVTSYQLRADHPKPDSLISEHPTAQEAMDAKKRYED,-1.9570437600859385,0,3,4,1
W20T,PREAYIVTIEKGKPGQTVTTYQLRADHPKPDSLISEHPTAQEAMDAKKRYED,-1.7986503021605311,1,4,4,1
W20V,PREAYIVTIEKGKPGQTVTVYQLRADHPKPDSLISEHPTAQEAMDAKKRYED,-0.904062046250619,1,3,4,1
W20Y,PREAYIVTIEKGKPGQTVTYYQLRADHPKPDSLISEHPTAQEAMDAKKRYED,-0.7511930265402256,1,4,4,1
Y21C,PREAYIVTIEKGKPGQTVTWCQLRADHPKPDSLISEHPTAQEAMDAKKRYED,-3.586585895050529,0,1,0,1
Y21D,PREAYIVTIEKGKPGQTVTWDQLRADHPKPDSLISEHPTAQEAMDAKKRYED,-4.981900193046259,0,1,0,1
Y21F,PREAYIVTIEKGKPGQTVTWFQLRADHPKPDSLISEHPTAQEAMDAKKRYED,-0.4831174724057119,1,0,0,1
Y21H,PREAYIVTIEKGKPGQTVTWHQLRADHPKPDSLISEHPTAQEAMDAKKRYED,-2.10626559529283,0,0,0,1
Y21I,PREAYIVTIEKGKPGQTVTWIQLRADHPKPDSLISEHPTAQEAMDAKKRYED,-4.246941994009918,0,4,0,1
Y21L,PREAYIVTIEKGKPGQTVTWLQLRADHPKPDSLISEHPTAQEAMDAKKRYED,-3.734360690893343,0,3,0,1
Y21M,PREAYIVTIEKGKPGQTVTWMQLRADHPKPDSLISEHPTAQEAMDAKKRYED,-4.202660622240395,0,0,0,1
Y21V,PREAYIVTIEKGKPGQTVTWVQLRADHPKPDSLISEHPTAQEAMDAKKRYED,-4.315897638714471,0,2,0,1
Y21W,PREAYIVTIEKGKPGQTVTWWQLRADHPKPDSLISEHPTAQEAMDAKKRYED,0.2942966707040404,1,1,0,1
Y50A,PREAYIVTIEKGKPGQTVTWYQLRADHPKPDSLISEHPTAQEAMDAKKRAED,-2.24676970814634,0,3,4,4
Y50C,PREAYIVTIEKGKPGQTVTWYQLRADHPKPDSLISEHPTAQEAMDAKKRCED,-2.306214416649336,0,4,4,4
Y50D,PREAYIVTIEKGKPGQTVTWYQLRADHPKPDSLISEHPTAQEAMDAKKRDED,-3.25996475584241,0,4,4,4
Y50E,PREAYIVTIEKGKPGQTVTWYQLRADHPKPDSLISEHPTAQEAMDAKKREED,-2.691714258775007,0,1,4,4
Y50F,PREAYIVTIEKGKPGQTVTWYQLRADHPKPDSLISEHPTAQEAMDAKKRFED,-0.3351812965406018,1,3,4,4
Y50G,PREAYIVTIEKGKPGQTVTWYQLRADHPKPDSLISEHPTAQEAMDAKKRGED,-3.12156464555781,0,2,4,4
Y50H,PREAYIVTIEKGKPGQTVTWYQLRADHPKPDSLISEHPTAQEAMDAKKRHED,-1.2263453445484789,1,4,4,4
Y50I,PREAYIVTIEKGKPGQTVTWYQLRADHPKPDSLISEHPTAQEAMDAKKRIED,-1.6241107751681838,1,1,4,4
Y50K,PREAYIVTIEKGKPGQTVTWYQLRADHPKPDSLISEHPTAQEAMDAKKRKED,-2.8792553427189853,0,0,4,4
Y50L,PREAYIVTIEKGKPGQTVTWYQLRADHPKPDSLISEHPTAQEAMDAKKRLED,-1.0583882564408604,1,1,4,4
Y50M,PREAYIVTIEKGKPGQTVTWYQLRADHPKPDSLISEHPTAQEAMDAKKRMED,-1.4134510772141788,1,1,4,4
Y50N,PREAYIVTIEKGKPGQTVTWYQLRADHPKPDSLISEHPTAQEAMDAKKRNED,-2.749536173628588,0,0,4,4
Y50Q,PREAYIVTIEKGKPGQTVTWYQLRADHPKPDSLISEHPTAQEAMDAKKRQED,-2.699011448500911,0,2,4,4
Y50R,PREAYIVTIEKGKPGQTVTWYQLRADHPKPDSLISEHPTAQEAMDAKKRRED,-2.0939661313417384,0,1,4,4
Y50S,PREAYIVTIEKGKPGQTVTWYQLRADHPKPDSLISEHPTAQEAMDAKKRSED,-2.6304010699152784,0,1,4,4
Y50T,PREAYIVTIEKGKPGQTVTWYQLRADHPKPDSLISEHPTAQEAMDAKKRTED,-2.7325825880107866,0,1,4,4
Y50V,PREAYIVTIEKGKPGQTVTWYQLRADHPKPDSLISEHPTAQEAMDAKKRVED,-1.9170208035936085,1,3,4,4
Y50W,PREAYIVTIEKGKPGQTVTWYQLRADHPKPDSLISEHPTAQEAMDAKKRWED,0.285735092330504,1,4,4,4
Y5A,PREAAIVTIEKGKPGQTVTWYQLRADHPKPDSLISEHPTAQEAMDAKKRYED,-2.7207874535115977,0,3,4,0
Y5C,PREACIVTIEKGKPGQTVTWYQLRADHPKPDSLISEHPTAQEAMDAKKRYED,-1.973603006661376,0,1,4,0
Y5D,PREADIVTIEKGKPGQTVTWYQLRADHPKPDSLISEHPTAQEAMDAKKRYED,-3.8649361788284806,0,1,4,0
Y5E,PREAEIVTIEKGKPGQTVTWYQLRADHPKPDSLISEHPTAQEAMDAKKRYED,-2.8670563046758306,0,0,4,0
Y5F,PREAFIVTIEKGKPGQTVTWYQLRADHPKPDSLISEHPTAQEAMDAKKRYED,-0.5223793940820372,1,0,4,0
Y5G,PREAGIVTIEKGKPGQTVTWYQLRADHPKPDSLISEHPTAQEAMDAKKRYED,-4.049345239257565,0,3,4,0
Y5H,PREAHIVTIEKGKPGQTVTWYQLRADHPKPDSLISEHPTAQEAMDAKKRYED,-1.2883446605262605,1,1,4,0
Y5I,PREAIIVTIEKGKPGQTVTWYQLRADHPKPDSLISEHPTAQEAMDAKKRYED,-1.3062212578174437,1,0,4,0
Y5K,PREAKIVTIEKGKPGQTVTWYQLRADHPKPDSLISEHPTAQEAMDAKKRYED,-1.1773365274659389,1,0,4,0
Y5L,PREALIVTIEKGKPGQTVTWYQLRADHPKPDSLISEHPTAQEAMDAKKRYED,-2.179480251832267,0,2,4,0
Y5M,PREAMIVTIEKGKPGQTVTWYQLRADHPKPDSLISEHPTAQEAMDAKKRYED,-1.782445902276958,1,2,4,0
Y5N,PREANIVTIEKGKPGQTVTWYQLRADHPKPDSLISEHPTAQEAMDAKKRYED,-2.106183537569866,0,1,4,0
Y5Q,PREAQIVTIEKGKPGQTVTWYQLRADHPKPDSLISEHPTAQEAMDAKKRYED,-1.9945893376502704,0,0,4,0
Y5R,PREARIVTIEKGKPGQTVTWYQLRADHPKPDSLISEHPTAQEAMDAKKRYED,-0.0765171988661634,1,3,4,0
Y5S,PREASIVTIEKGKPGQTVTWYQLRADHPKPDSLISEHPTAQEAMDAKKRYED,-2.002801561072978,0,4,4,0
Y5T,PREATIVTIEKGKPGQTVTWYQLRADHPKPDSLISEHPTAQEAMDAKKRYED,-1.653230357802502,1,3,4,0
Y5V,PREAVIVTIEKGKPGQTVTWYQLRADHPKPDSLISEHPTAQEAMDAKKRYED,-1.5627124185644607,1,1,4,0
Y5W,PREAWIVTIEKGKPGQTVTWYQLRADHPKPDSLISEHPTAQEAMDAKKRYED,0.7005016092394056,1,4,4,0
